id,Prediction
f02ae3f1477f4a199461d6e36db18841,370.9105802
959e352051ec4a48a74b09e7446b5136,163.8081048
96cd0fe20c6944da98a5ff41f8838351,187.1380409
e4d0ee058be941589845e9ff6c5a8acd,199.3402934
7142d4fc4d7f4768993fb9e1de49132c,198.6107568
f806399d02a2423ba2f765dbd115bd43,487.4844549
e2f94e0373064631aeca98f38a69e0ff,368.2064546
e09c550a375c4e969b1a51af79fee625,889.3923859
ee290a935b43468c8e4e04aabe2049ee,181.693947
e08949709b1944e39c9769f8d64eafc8,186.2211512
ecf36cad4c164a31af9bd086b72cd5f0,149.786267
adf1940965aa45b8bd0d3b8986e0cba4,161.2150657
94d287a8891f400ab585e88320769f2b,501.280508
1293da2d7f9c4e10b5b0fff4d35c9859,285.6605991
a22ece707eee4df48a012d01415bdf15,759.1977994
81f6a008ee8b4b4eb18777e77aed855a,180.2755709
6686fc908167437085062b1970c54c18,162.3895299
4322720d95e2425fabd8761ae1a66104,176.2824057
ee7c5deb587d48dca8e35effd083a631,677.3640246
57a3a76f6e914a4fb00b9516fb30d948,272.1448675
fb2c83d962df4d53b89f1b759820593c,693.2865603
39910adb67414e46a76f72c200701971,860.4190396
9785d27f8cef46a7b6e354391d1d3645,161.6505108
d0da0dd251244f1280795a5a7098f348,182.6338607
f70e634e788643639ecf5e92ccef95b5,521.5248824
461f43ef9cb546cfb236d0fef6a32355,372.2129516
1d7ec319add9446896c9f53c14b71f32,293.3943165
887b039c536c4c869fb18223c1117052,198.6514433
36d508f773a241fabd6c56ab47c89bc9,560.0940485
de05be6bb2544deca6f828ee558df35f,480.4600715
9137cd11f62948309618ff2b869d1a48,301.9712645
b5109f1d6873467fa8da09fb3cd96916,932.2413824
108b8b4bfb77496aab911c4b490aaa8b,547.5612319
e65e890e2d7046519151a537a16a1060,314.9332237
01481906389d4eb189d0b6742fd68e13,549.7002343
f8366db954ca4bc2a557ef40b3419a0f,320.6755006
93f3b5a1de1e4a6caf6bcdc8b228f311,683.031508
f8467b4b699b4dafa071c05391e4ebce,719.6477897
5deddca931b04367ac8f65c66a2b8e45,582.2264883
5d1dd389471c4233b27ff6670c7c0625,724.9053583
0ffb25479ad54c94a3eacbe70793cd32,195.9322212
186f9f9e623849b49aeebbd25246eab8,461.1815276
e7ddfd5227594fa2b1f69e745fa0844c,148.5024013
f6c28f79b8dc45c6b6860f29faacbabd,320.0485319
f834b414e3544b4bba7f53b2783694bb,315.9815482
d8338e8f07384418910a35b50f59add4,215.9969444
67a3b861fe3f4965aa250f646c8e373a,345.6732506
dfa5e71302754012bbd5f0c0958f9eb2,573.2739058
8916510836934c5291c1932a7d1f530a,149.654647
a52d71957bb94664862dd21a9959caba,169.3842004
ab9a7dfa7e7b438994d2a7d3138ed7f6,216.7490603
b1a34865ecb34695beb0236705e68f10,538.776622
9d0ff605697443259d0ce79358ff80e5,246.8604762
3f5f569569a5486a8db1925bee6e746f,1404.315779
2258bf1eb7f440288f3d1b0681ecd05a,300.7382541
572dcdd8db9c41d480fe7b8c350c0f26,328.428826
03201f8468b54f5eae73c1a6f27aa03e,991.745835
b3630d46bff24391a813d5f95194e540,357.6239421
27da899be3434eee97e68b9dfa8b6bfb,198.1180386
d7a086c495c9423e9571b9c74d1110da,880.475538
13b9a892572c423b9ecf91004892d64b,181.0981173
e45fd1f0e8084a2a9b96e00c5d6e3fda,235.0345716
699fb013dfe249f2b42c8309e5276b3a,301.2298905
6b6bc032a1c64cb085a43ef5461894f1,150.0810922
710a8b01e9a544d2a51e1e24b916fd77,150.6608062
41aa6af7e0e14d78b36ece3e162da5dd,283.2645083
69dd44643d554dabb64fe83ac52e90ec,179.2491696
e0cae8a03cc14ec79b0c63f97c755720,557.9116198
4c15a8ea8ba94b3099e6e93771dd46ff,463.1885825
d3594ebae0b842e7a6132c476f59ebdc,502.469328
5b9e1187f8eb4237a15218b735bece27,859.3068434
5c3ed8f17f694a5ebf9dce10719b9df4,417.2205439
c6f07cfd49194d949a874b7b3cf26647,83.03330958
4676c07b6aa843ec8f8df2ae6a55f01c,185.2834347
c935f102a6784c54ab0f9758a1bcbe86,214.0824162
c3578eb93d96487e97b08c8874faa760,197.2040348
b4eb88c77f9b4eb383b29402487d240a,234.5862838
013b57f821e546ce830ac42fe9a859c3,218.0615453
34c7666bc6084ceabe780f74f66e9e3e,354.7760204
631d01f313944f07af17eec8363b4ec6,253.0009495
cbcd53ad45b04bfda5e8eefff78825d2,333.8864036
bc368aaa43c94126b67f30221849b46b,710.7422335
82f5728434244d6ba8f855dfd6b1ee0a,148.2557908
14907c5e42614d7786ecc43caf209930,262.6235493
ba95b9940ab446708a9f8cf5ce5585e5,424.3394813
96c6c9b4dda54017890a9649085782f7,110.2422165
75d7f0b3eeef4a508ab0521c9c3356ee,351.7325941
8cbe52c057f04f10876f0ab6241aea7f,796.1964407
791b6186caae48e7933b25503437dba8,531.9007024
2c5f2ca064ff4ee984b4a9e37b971822,496.7937966
5df65c8598964ee995af06e318086d0a,246.7819955
80f39f8411144437aa2f6172a644e2f6,440.5835091
ab0379b637a64d88b50035c6f713a322,251.98644
710c1a629eb9423e9b53116dacbe1b83,826.9973136
18c6438e583b434eb58a905a9667880a,582.0417177
66f78f73eb8949919c417552f422582f,155.3011554
624cc69aac6f457e84771a34abcacde4,151.1024966
a7bc5a3c294842c9837fc5c51eb93662,1058.415919
3f1860bf3b174184bc02e10e45ad959d,271.5244403
9d0676aa8d0643bcb38df70adde5ad53,287.8019069
cb914aa1bc89429783391367200cfa9d,428.4840476
c76ae859275a4dbe9fae2b3a967eaa8a,339.0304857
65ff13fed224425f98041d6cae924713,230.5490573
2505b1edf1314493854686bed48634de,108.0951596
d033753bf54c491b97c990e2659199b8,352.2803335
47a0fe881eb4406195255a3fc59f6236,254.430823
b530824822754aaea595217d7c231dc0,164.8226933
b8230894f31f4a58b7c94d39c7445629,202.9430838
a3b8452ab4354b638ef66aecd88d5517,248.7914558
6a6f9feb9eb94e5c9cb5c95935435162,817.8119546
c3944a75057c4bc197d2794cd5f481ec,490.8098125
872fb0cbad0242fb8283cb359b76f7af,249.15346
c203d0ecd59d4e82bc2432827eaebf49,462.644866
a8f07f45ef474821ae8113f1e1451bc0,868.2180616
0d371595805b4cd6b8c2ccca376fe022,613.5525679
c34e9e1ddd774d0e8e25297fb7563572,316.3715493
a6aa742a8f1c499abe2b209f391eb970,197.3167057
6d40bafbec9a4782ab61bfe866cd5630,364.5375083
6cf2b5da128a4a66989950561accfe1f,252.425357
b59cdf7c56364ec7954ab28adc851ceb,276.6936992
5076e2c8bb1645369fb19b2d746ed003,396.239079
d3e7db0b5d784aaea11641804b063c79,227.8225657
11fde0b863424ed6a08b0073e1e27770,384.6912743
b8591f38a4bc479ebeabb5188427ae82,287.1157397
ed297323c07b4e91a8b3815129a34246,218.8962871
0e6de12e69da4526ace43fbf38b003a2,358.2576914
7b1179475b1a4acc8721ff23666ca425,423.9731634
56cca4d5430e4b4591218994635e07fe,368.5299741
5c195bb3a5194e3684a08d264f83d58c,580.7745184
104cc6c37f28454ea998bba14fee6299,175.6886863
a576909ca6274f53be306e5da2a81a37,569.4299818
43f2ab0347924dfb96df124cc1d565bc,525.0848389
7e50a11b00c54f90b751e86259ea99df,253.656049
6509662ad1da417e93c2d7f74bf2a806,374.9586241
2d77f2ae9c614fa0ab6db49437a2484a,267.0116629
d4edc52085b04ac688b0bf938088bfe5,457.3469006
ff9f10be91814db9a99852c901443ae7,411.083886
d78b3c240fe8451a831a99dbe2269901,413.912444
f86ae8a47d6446069fdc9c9ad6a781c5,338.3642797
4f2ba42287b446398d75681f5e65f120,401.2284946
25a2f6dc55ad4ce68828d5bd47f4fdae,72.85399296
849d0221c9c048ccaba78666de8adfb6,256.8772795
f26d5ff1996a4d52bb8af308085dce4f,510.4653017
5b0d2f39e8414f2d98e454d6c084e76e,194.9904523
4faff43df29b4676b004bc50b18e6608,143.6453482
63d618e8cd644ac281db3513e5bfe11b,392.7665286
e5e0f56eb4cc4dfb96c2515a7736b87c,236.6605972
7dda86f0b8d448ddb2eb67cf7a9ce04c,318.9938144
5245919475c145c5a883f90be9e627ad,154.2660639
7d8d9f4b1bfc4ac3aecf7e9b72859eb4,436.4127279
4ef0b924a4f74b27b34f4ec3d134f976,1327.208937
0dfc83af62644505a23d4907cf7688fc,555.7559726
bef7dfd431a140518a0ab8b88cabfc34,153.6644544
d79c57a513594b7d936571b3a8850134,213.5314481
1a33f357f68149aeb64abd4c08d77c4d,198.975107
d5d39a0d618341ba8281f012cf039702,281.1870721
0bba6d508c354f39b51d476e93de4fa5,309.4744024
0ffc5f06fa1f41cea7845d8163a1f859,276.3075303
343f23ea43f14242a74b500e6155f1b1,533.5603288
7e5fee3366de41b588467d2416a5924f,1521.342762
71664780426d4374895ad3a58756de14,490.2908404
39a8a0cbf95a45ddbe0dc9563b091ac4,216.8825337
6d997015255844c0805b9c075059c8cb,203.6545378
5ee4ed85e7a4434794e9bda1b72895c0,425.6630029
4d8db823d65c48e18535374e1b0eb99c,162.3701466
2934888465cb4cd3a8399466d2cb3970,424.5689184
19939c5f82dc44c7a825563431ba70e8,371.7926653
f8984992061e46cdb33ce4a3bf071280,288.3074881
a13007caf7e24657bc9cfa3efa42dce0,195.7286014
7cbd562776bb43528b8cbde636bdd8da,703.3910683
b58e63967e91442a8505b9ed9dfdc56a,221.346748
ec5a6c603bd145a293b2aa8cbe37c752,263.6891009
6b442f2e23d14f71b59bdbc777b97ba0,712.81107
25e58441be4640ada308fc47f35fae84,241.7696811
59bcc87cf5e341a2940e6adbb6f107c0,291.284158
4b782b8d74354639bb80937a28b9a500,318.1090621
84253d27a81544e7b73b090cc3d800bd,387.9236139
5a375ec9f05f4327bcbd1de3fad9cd2d,287.5512871
1404b97124334accaa52f7f094cfa38f,661.7964499
f80772f0469745b5af6336e31463bcb7,449.0644563
739ff008188145ef8e18326142f194a9,317.9041064
5015f373cd6f41aaa94efdd31da2cf12,204.5743571
78a40531bcb74560b785af01b3959a8f,257.6146734
21a9bc45de1d4dc38b00207e94ff35cc,234.3979013
ac61a9f84b664398a58bc0a2133c1aaa,1789.064275
7fb33cae4442403996628e38fbb1bac8,181.4360811
d30844688a254c11abcda72fad9e77ae,406.6054929
37ad0d41cd3e4e7095315f953e45cc24,786.3044063
af428adb53b14ec9b1d38d15359c23f6,647.5755424
20acd9cf71274951a3b1d4e3ca392bdc,354.9573552
c752b262f639432b876f15162e02feea,179.4426665
75233f2d839745989105f2f2a106381a,307.0261583
a2258ebe235b4736bdbeb8f0d247f1f2,326.6697711
d143f364d9a04d499b43e1fe8500eff1,446.8335991
2375e2a5f0e1483bb85d84869074116a,226.1000062
da9373aae6d94659bb2931e591b859ba,1882.422986
3772d1e28b934d65bcfc0ff01887eb49,329.7696193
ca985d7c0a0849d18f9ce5bdf2e8dd1f,208.2611364
fe8674b598524a079a5b67ade03706be,291.4693393
5342780066ac44d68470e6c1d33dfc88,276.3388463
dcd34546bb3c4c72a6bf8274443c40ba,645.8475596
b804a7decd4640508aef35200acf9730,650.2639344
4eb72e20731748f9bf7bb232d3f90b13,480.5448167
79a442cc87594b07884dde8742b72bea,164.3916189
5e5d2896e8cc4f088a03deeb38e50baa,1160.601774
769411de1c9f4b73a1fe36601ed55e32,544.204476
966efeb5ba2f4633955eecb90111d162,285.2806428
4da3b960235c4545901cdb9c8a89b731,216.0054365
bdb79902b1fc454799d3207eb7fa4a6e,762.265799
b290ecaad6cf47859103c399e1a83e81,460.0019222
3208275ebc0a4ad48cc211f311e58911,609.1487461
0d7198ec48b645879cc514081b16fc70,283.2756641
ab2963b9c63f4a32b9a9ad4c920e7fb1,349.2759611
6099cd338ffc458a856e572ba496f27f,178.6689663
e5ec658418ad42a492da83e0c54b795a,337.8319306
1302c81041d145ee973a54e7776b5c9a,491.3351413
435cb5a924b84501b1bf0c711e9b6e86,758.6580163
07ef28c0756741b1869109401b5aca0f,466.3020848
e6e42c8ad17d4764a3957608376212a9,1798.865988
82955227a7c74d0fa3ccd43dfa5263ff,319.2325462
84e2d05d286f46b8a06dad8b47397c8a,193.7024923
9e35ad1f179f4cfb9961862c12aa0f1a,194.9487517
7e02175bcfe244d3adc9858fe65f2578,163.2962331
1a0f3dc130ce4790b11d89eae04fd6d7,55.26033746
3437824f0d8743299d6255f9911d4c95,420.82759
0cbd4d6df341470ea1915cccd51b9262,205.2351233
ad20d9b7cca345109f4d43dc2dd66b89,373.347016
29407903225c48da8a2ae1aa4bbf8e75,1022.784261
3c5db89d0daf4954aeda6589f8431526,315.1217637
8ff466a912cb42a8b553591167a0ad77,195.7363861
e4d0c840c2a54199b4616be88b73bba1,324.7437986
561ed193ca3f4d1c992aef28012f0f31,123.6403826
5ba699db891242a3a97f20435f45beba,442.4123167
11d7699895dd4b39b7ae3f3584d65dc7,807.2370838
215c15dcc5ae4c14b09e35431732b166,271.4964897
d7ffc967a77748539cf97ef223c64553,187.5722303
ebd646f8bf4a462683b95a392576917b,289.545727
700ab6c6809941618d57d12bf005d673,312.5512374
0fae45961f474063b2bf2e266efca67e,203.6988695
3f6b8e7d09cb4957887313f573fd520d,185.3210338
1fab8a405fa148798ff97dd7df18f745,233.3276996
81b0680ab4dc48cea70ab6952c0454b7,162.0501666
b7fd50a4a3e04280a66786714d667d63,173.1916648
e6e09062260b439f9f04ebe432ad0cdf,295.0636424
f6fdf6015713492889060393ec721f0a,595.3535947
bbe6c4dcc2404fe68cdc45e805ce9a16,371.5120953
cf6f6d583dbb442280164f93999367a6,1249.961275
884ccb1bba8047978eb6ba86bc49a612,228.4317702
3a6db3f84d2f4843a204c1a359082f09,807.527088
fdfe35e2617b47edb2606188883f187e,177.5785396
9f35dcef24f54412abbb83a1a8cd36ef,466.6526928
19b099d0cc5e4432895ff45ae5c6f457,339.480276
ed6b30a6ea2c4111bfc450cb74d94bd5,358.1130732
7cd4e4dbb09449a8b06c7788c3be7400,188.6597152
d5431c8671da41a38da824db545c2479,249.262129
ee90e563c71f46a6af4100ffcc8545ae,414.9513647
a5763ee2bade4f3c9a855537da837110,380.1854702
4d11f8302a134d669425dc4a0ff85e4e,110.1181573
c6e23c92e1ab4e75803345bd58412b4d,316.2553707
af34af5b1de149c18b447f203cb5079c,382.0025959
9786789b591f4023b0fabe00eae05569,339.6063583
969cccc2fa18425285391d2371a013b5,377.0650122
cacc0d1091e4448b99f35c3b209b4618,454.7383381
66203cd06b184d3e87ffde83e778940d,149.654647
3d8e5fde43fa4757bea7e31aa49a7af8,287.9540202
50283eb0d5d14ebc9c4b31e7ffe507f4,389.6493957
555dd89c05ad447ab32637e7eaa35ed4,563.832491
06c7e12b47444248905924cef92fbb1d,414.9724935
984e2a20701e476981331c6084922939,347.251283
b72c98977ebd486391ebf853ba6423ca,995.6051952
1650de12056f4f7abb2e3e526efc7e90,490.9959743
1afd04f84ff04208af505e4412081c52,585.1511857
d792c400b5e04a0290bee7d44ef7d3cd,817.205297
f6d255b2fed64409930ca1fa3b5f7e8e,264.2125995
0149895efec349c7a1da93fb26e8ceaf,468.40681
27e6e1f76ce746fda108e993412a5ce2,246.9355988
323ec6fe84844c3a84482e619313803c,320.1939924
43011fa084264a0a8edc3705300561e0,268.6587793
be6c549859cb42aeb152c7af47c5296f,800.4379032
f88afc0dfe1d43809ff1f774504814b5,200.6737522
2e62671edf634145b41273b2976b46ee,343.7434114
63ca9f2e17144eaa9d03329c93d05945,281.1600064
988bd3ef177f48a7925192f9a4ed5fe1,307.6984244
4c37e01627c3436ab353e0714e7628be,232.5880316
2fd920d370504936ac43493337a37763,2055.283738
893a06f928024530b77b50b67db36bd4,246.3321201
7b7a2fe504494d5dabbc2f36bc04f349,230.4642815
9723f4b5277448468bc1225adbe2592a,307.0774747
7b9ecab6660a4c43994ef0bbda4893aa,146.3126884
9756e87d5ca14a7ab2e809bff89402de,374.2051718
ca5293349e42498e83f8a152760a6bb4,387.6712133
8451dec4201e4161afd0d6d38d02e700,999.7074017
cf5088fe40824e41aa74858634d2bf52,417.4538742
c87cfdbdd98d47fba5014cb68396af64,290.5220413
72e00539d95b4d5d96250ae30177053f,480.1797779
9670d8edd9564e9badf0117b3ff8db6d,2175.948791
9998022236b34814939a6ce7ed6bc979,380.8117258
78d4b45ddb6f4073b4d84473f66a37a6,253.2459569
1cf02a7d7c8046818f0d80da2e6ad294,156.1694112
e7ec441d3b3c409a8075ca63ef50bec7,291.3885275
7fb1453220784163829aada020ed53c1,403.4605001
1a19ce02f38746878352bed63715b674,620.2163449
16b9f980a6424c038d5959a9ad451db1,291.2193858
aeb46521387f4fe0b24a76ead9a5d68c,614.7035396
23d2aa6191354fb29086e8fdc73d4890,233.606417
1d3209e54e84471491dd91976e343b60,277.4928564
e080e3584a394377bcd90e7c3f4cb691,625.690711
6d8973b996934f319ffd66fae80edab5,252.3295839
3d1d84ed91314de6830b3a7c95ec344c,438.837721
d932c6f64d9b4d55b4f2f5c88afcee3a,551.4205724
5f564b86d4b547d3a04c9329d415bb62,384.7701749
e0395ac7e62f49cb85616c7aabf04c60,255.4294078
c1432701af79455b9b5a295b1bb73a2e,580.9649106
3f8072180ef749d0a3872f8f8e1d3e0d,763.4849839
ec167030b687447fa0ca284863ca9ff2,710.0045047
664d5e574dc74595912621e2be8cbba2,392.1843056
0be9db8653c446a2909f1cc3df4acb35,348.7265661
b4e2a11f1f434356b0fc802515d1bc42,438.6287272
261defb1c2de44d294a0ddc77a3b0470,108.0683584
ae57750f65db40c49c3a0f25e37b3fe3,284.2254363
c2f7951c302142b9a2829100499d4560,236.0397813
58cde315898f4ad98d4f6eb5c2510370,202.5316601
9cec27dd171249889a7e97a8850020fb,270.6066779
2fe9543c5af94c6a889f62bef4e767fd,91.15139296
4e2c37b31e2c4d1aa6e67ee80f6b47f7,699.8044622
8a7e13b484d2487fbcaf8c03debf55d4,372.3192261
d89a69fc0438404aaa635a580881f798,181.1615736
78ce4ed9cb224001b5a57f75c0aa05b3,300.6002369
70f86e8bf31c477e8f7580177a558181,854.6767101
a93d89803d3746f0a4281573097bae02,67.24166234
d32c802241ff4aefa6b7362eb1e75678,200.0128197
c0c932518682433683d805b1d3a01b33,762.0892555
3197246920d045c0a818639905399daa,857.2713318
d5114b5e97244a18b850e26eee01c661,164.7526093
5b861e829eee4396bb4514bbef452952,898.5179336
46db61e39f1b4e809e7b07cb4ec2a428,180.0471511
56da6716dc59427f90a0513c41a6c1da,229.6831632
c0566b0e456b49f5826e506ed0895f48,199.0706045
5ff33d54f4704ba7bfe8937a9f98524e,606.4774987
a2494bbf75c245189304f7419f0da44d,252.4355904
f1ede3f5e4e34600b4618c926232b227,148.2516724
ff20663db9b04a3d99441efd74af6f13,293.0497585
1a9ac9117361420b8ef2de394b666430,276.3096898
b8ec1b301c1f4ab58478a85c07bd6b62,461.0625218
ae1344ba3f994bb988a248cea5a44f47,342.2105999
d66d53646ca54eeb8d8c7f9ce1734f2c,897.1300101
3855019d621e431dbade2fe06cfda67d,314.3118805
d32d7ccceeef4381abb1887565f1f6f8,163.7239183
0388dbcaf56241bf82599f3efcc3172f,288.5999854
d116a7f5a5344e5088fcb507302d2255,1105.991026
debba6b12d204f1b83a0f18c9e130c60,135.7910045
bf11311c2df74ed68cb18954e57d7250,288.678578
1c26e02f7ed0495eadb5a48281038ca5,511.1502884
150cc2c357b143db9727219c2b320ca6,945.1880622
4d57dccfdb684a6c90b1f0277d8f5b85,731.6970834
93a80db477b246349d48560d5adddc9d,2154.053215
900865c2e2b94306aeb76f3965ce82c5,241.9085474
1377e04d7c7041a7a12c61b7d888b5c1,196.1337081
b43fc61182154433b0670a11b9950643,525.0729019
2b2326042afb485eb44631987acb88a2,583.0015278
bc8183703d7940a49592974188cd2110,359.9147325
3fa792020ba34101857912ca59578d71,801.6732004
8a2018cd1fa2474c8700d993cca48641,688.80279
7c2851c195de419fa68a8cbb97fabb1e,1038.670254
32409f39a128403dadd472cd63fecea2,249.956514
360fd01ea27d41b48378013102fcf1fa,312.7597779
ee56a671631945d8ac1227324085c1b4,703.7247683
a7764c0c90e04b628cbfa0372e0f92d7,518.3326234
da10100a01d1483bbd27b33caadeee95,271.1604143
d7c50638ad124390acd64d087c8c78cd,280.7404989
531e951bad6f4a8284381163570d282c,270.6646126
5db0305936124bdbae19283f6e6b801c,673.970236
ccc2aa40f47c422a9b5524da4e2e6355,520.0086014
538a42df9f3648e19edcc53a819cc908,553.187327
c0b193866ad04acd8d57254e792a40db,923.8743444
42a0a954ef7246b9b3240eb3c06cc0be,250.9775859
7922da4c30d44b438c0bd5c105e5d881,490.322034
e90bc185572b4ff8baebd6bbb41628a4,199.9541882
a5d01150843a4a868bcfcd6bd8a5c341,497.8707207
66c43dc03136416bac366bb12082db31,321.4794669
2af331b9cbc44cc38e45657cc04c00db,190.1177893
8455b41b8b074aeb966e0a070028ba97,216.6504739
b716bf45f5bc45a4a83e29cfc3c1050d,198.537339
60c3544133cb491c976e8ed77b119162,738.0177699
87a45574cbc845299dd1492a7f4f34a5,416.9853852
481454e3c2524d0099ad9d6c7e34112c,201.5381965
5a40472c2f9b4570ab2cfdd484bafbaf,283.7869059
8823d988169c4f8980e8e33dd2fc5c49,253.1147903
85953a5cfce047e295e90c3157e40bd1,366.0122358
e05c48c3ffa1491d8166538f7f5ec67a,168.2563214
f23f7c0bff8d49198c6d5a8923feb175,529.4150656
4a563f41af5b463f95304a733a58dce7,324.5425728
f1c3f5429f7c4aa88499d26d6d4456bc,728.5669102
d24af0ce7a0c47d187c4aad1f210631a,165.9808538
0287bbbdad3649be82bc43c6a51d7dc5,179.8959599
edc434b495ba43d1b5ebe3f95d8fd9b8,129.021716
e8dc38615fc4422d8ff348ca726b702d,73.21046777
743a96f29eb34d5b99df88af24a9373f,186.1695202
ca677e4fdf544a88accb4e8310c33417,134.0525544
b4a32b765f31466db3c7e54b1349569a,144.7663196
41e117b05a5f474b85849015f05c6f2a,164.3853887
780a199632ce46dcb60d27e03cc74c01,405.8241443
708f9c214c3f495a8f50435dea522f2a,496.078781
e075200b254746e18cd82381b232cea5,701.7488926
480b32f30392481f9f97c32eb817b7ff,190.1523304
fcb93b2ccefe4db59423003dfce369f1,208.5930323
9fbfccde0b524e79a4509059e8b11dd2,159.4009076
c67daee5f9e44e2fb09451c536ed201d,365.340489
b2503f66f79047ec8225053916146f24,423.5089821
1977b611caba4726907211ffbca1e20a,508.8574706
8c69666c83104be3b0f16a4f12fe28e9,275.8778967
383e3df49d0a48ea9ca1ae3530d8e05e,351.8046174
2670d465fbf74c3b90f59d0c613ed221,900.2241028
8d9b848fa3fe4d59a5b46d72c9ce2711,179.4558026
5534ca0a1b164d6eac48200a968fb24d,427.4496939
df111ec0ec60424c9f89d23cfe9b4ca4,223.4448974
3f60414b6d4c4ae0a9307be4c3fe3e79,343.1472698
cde64545bc714249ae40224d209346b5,249.6533383
b04647faab78425e8c601a49e2b0a2be,236.4995854
4db2b671776645ae8d21c006204f4fd8,284.5254805
fe777f10d0fd417683f0ec0c88dfc84b,286.3308619
6eef7e70959440b1ab15edf6b12f8adf,167.4450704
c3f6d2b40db74bc8818c15a8641458bb,642.8098607
54bdeeb1577c4273b7874572110dafbb,689.5731132
91b28c009446462fae6e73eb15050f81,591.4631608
dada07788ddb481db69bdea93f154041,521.7282106
3970485c34bd4b489f813b35aa00b519,103.1830481
6ee8baa4158443c798025412131e660a,463.0977394
0a59dee8f5f34fb78d639136e1088d88,315.1836528
6b8fe69aecd64392941793288cfc1f36,246.217018
b9ea2cc0eb8243ae9892629941f1b66e,753.7913892
dc74668f4cc74d7a82eb43f4ad2e9e63,282.0421366
435eec65ca5d41d98f201953d1c87cb2,661.2211517
564df4b8157744ec8e2aa91c839861c6,208.7756709
ce92e498f3834ed3a5a48b83987c431b,1029.475305
eb0e2627da3b46c1942f763077b79aab,326.8253004
97d5cb7744444acb92746bd0696b604a,699.7822776
31084f4e05f34cb5b2f85b0b18b3746f,1806.894365
811697285f1e40b3a64f6e9d8f169119,1198.856672
64ab860a91c7470d92fbd945d3ac3d9e,697.3059801
b64de8592e164f73bad794378e3c1ec1,198.0344881
75c1066960e54abfba5956c922e25aa9,394.5165642
c214619770fa47358eecf1917acbe2ec,349.4073537
b79afe2628514ce489f4a26b7aace9c8,172.4900693
79693496813e42298368d7c5303e9628,276.2574893
4deacbe819e246759d307114c7b2d464,667.7828496
b56432a784d64c748a5528b52142fb9c,612.6761514
f16db5f162bb44cbaab61bf2cfc055df,317.0321127
996dd4879f144ea587e65956ba1f4aec,140.7796378
99dbffe7b31e4e1185ff0f4d437f3654,173.3122531
c28fcda3f8c34fc092629372d5fe6322,102.3115454
86eaf62074194030868b733cfa6bb03e,117.1024595
e7f04c644f2a40d582463fb84c3234f4,301.6386594
08276ca64d6a4cd4a62973b04597794e,844.9235432
758b3616ba2b44bf953be057c05eb417,269.0458873
2609ebcfec91466bb92d66c6698f13d4,264.4740881
8ec062584e9c48c7892762a8a6a78fad,180.818178
10efe1a7247848eb8dda274694f55dc2,754.2497024
ec26b7e7aaa9474d9fad13bc9a8704c0,302.7145507
220794f0f68b48b5aedc139e4f3bbbc5,118.5832641
7c2dae00d5314a30b708d60a9d20ca9a,827.6421119
7adbc9589d97493dbe29247e4a5d73c5,870.1332821
70abed18a8904d89bbc9a810ab9f7b6a,201.7101277
535ffe4867964ede9220867bdf255fbd,272.1172859
977a0680df7a4c708c49a2da1af69643,267.8830905
f813256f79bb4ba0a6714fd071f940df,452.1480755
50bec468d34b4f55b374039938feee1d,236.4661524
5f342f04a72d4c08afe2b720a6806ac8,234.6405112
09929cb48fdb41dbb2e43e4c03e53df1,267.9726978
26073090a80d4f519197d38571434bd7,1039.093714
7a1553eb143d4e3187aff9806465f26c,459.9921621
c24cdd7f718b466681a52b19a5c8725a,150.7464836
a322086fb1d9462a8b718a1fbb36f613,382.6178619
bb0b71c31bf34f0b95376e5cd6408605,177.564443
4538e0ec847e4cd5b4d15910c8eee2c2,67.53107492
04382847659f455a82e39489da8095b0,269.9661325
d2215af6028e44d4b72864cd181b3310,161.0218266
f20e182c6d7d44898da9e54f3c21c18a,470.7921967
18035b23c5f2489cb5cf37869528d8f1,415.1306424
994603f4b84e482086e89a5c658c2bf0,976.5991149
5bfeaa22db074c35a90f2226cef3ba21,478.3885493
570cd460b13e45368c1fd683e0756b6b,208.5345969
c6adf7987f25434891398fd945bff921,411.6542876
96d21b23971e437a82c222f6b13e0331,255.4558675
0c4578a8244341a7b5642b6361b9b3e2,239.0121071
448ff826d85b48a98385188d6f2c0368,323.0057099
8d2153ac3e0947a5bb8c222171dc221b,586.7484291
d493bb47130749279086b68cde2741dc,564.9479005
c74695b89d274f259c89286df9c18178,225.9536995
1e1abca3f11249eda46496fced62f107,559.6418786
48b8a5e6160c426f89c679b92088dc15,378.3965249
5dea51cd403340e8a73a05366a2f1e32,1703.461742
86e78c527316408eb4cba10bc3528860,295.5996306
9433da8a006d472e876a96545f4a1b18,682.1748634
36fa18311f0e44ae9b3fcffb22ce4b5e,160.7704565
11ae10515d1a4ecc995baa128ef23b1e,496.3503158
a28199d4e93f44bab85e49e6fb0f84a5,182.9598619
ff95ec0a8a57484cae687eafe82e506f,479.2548184
6dcd5b944e0f45fd8eecc79a7ed13908,109.4261449
ec61a621f3a94a87942e7335ab376d2d,695.2233934
26fa2fdb64e2463b98952bf68bdcc4a2,348.3675146
5556f768b1b64c2db83e02995df4e216,448.9320283
6d200daeba944d1d9c713e9422a6de5b,180.090112
e658daf0891347c8b4a95613c6eeec4f,284.2075274
280a75b0e614431f9fc5d4258f419e06,164.0012962
c892d8185a834870bc2a7b8436c60fde,301.9744022
76d70ef7458445f6b67028b57bacb3b8,262.1451536
d6a9554599c64081823355a7fb0d2529,442.4173386
30f19e4b646d4cc990742b5c5322331e,362.0749935
f47b81b9cb15483fb7fb7d1378f27237,178.9090211
b518af29343345ea9e19008b4735a7b0,174.095115
eaf9545fd8794fe38b8e26d9a76b7504,542.1286005
e7c5b90ee3694dfeb80df0369ff05a40,181.4048953
5d4ab2945efb4eb2beaffc43e8fdd151,207.3322368
5d36fc40bf7c4bdd9aafdd5194df5bdc,430.4629217
16c70a7c5d2044febb9c5510ac1fed93,223.6990764
d8d3a9486a0a4c448fd5b9869b853240,163.5016288
8de880e8acc1472fbdea8b877547ce2e,514.3661694
2fd40106065043b1ba91c6c683d30044,940.9378181
673798041743488fa14bc052b76ba7d1,1062.80583
99ba8aba33414f4da0298c2338ed2798,682.3036002
917170e7dc13495993d83c2e0efd9b2f,209.4842348
818f65130fc042aea4598722af009978,457.2367327
f2b0304d3d584038bccac42aa8c2bd46,534.5588683
840c5395b3b84630a95ee7c8687b7e7e,293.431534
320f2222d58b4521bd9e390d16dedd07,374.9574028
fd60a942927c454aa31c8eaeec008429,375.2419362
0eeed889be1f48d9ae1f0b7b5b82adf5,179.6703784
e90c994fe315455db1c9dca2b21dd38d,672.0290027
50d6c6223ddc47158bf41fc5b55fcde6,306.9099688
c76652ab39274985b3c721eec9fb65f7,302.85009
d162b551fdec4e1c9159182c527aa982,319.4377652
bcd60abee0414bd48a82b8bcabc514bf,455.2171542
c4132a2b129045efa66e8128b2aa71b6,195.0230147
70c0f7a4793a44fb821b93669b25671d,270.7519939
9b1efa5652d94199a6deabff4b750f49,4619.114481
de0db72dae7e41a9b8df057cf2c849ce,231.2122208
ac823b918a844e59baf986798b9ec9e2,250.8047131
26e39d85c11944979fc8056e62eafdae,1213.686155
0fd0d6ea86b54bab82e53cff2189c8d7,223.5784637
d007c4bc1bd54210948ca2a52db8ec95,290.5221467
0fcd717710934371a7de54217a4677cd,322.6783323
9574d7deb79e4d009ac4d0b914af390d,272.4412468
cf1ad35586be4c31b1a453eb0744ace5,654.6101051
45369d3de07d4e918bf87fa424e07659,178.2588278
774f488025e247f3b73fcea314f6cd05,317.1278496
1a7ba0d428fe45b39ae44f589ec3c475,480.2252042
772cec0176be4956b38e13e6a23ed8e7,442.7715287
68bcf8d01ca344bba7ae09acff589b53,144.1062086
d03b29a8f1974271b5773c10467ebb91,485.686083
65cf7b4c2a134fc19225e2d7e2968f82,465.9152758
4caa72f0389a4a759895c544566fd008,242.2192227
84eb9ec032284346bffafa14a1a50bbe,452.1216215
6ddf946e17d04e2e83a13e8fa3e2a035,353.7648375
18fa7b1d50cc4844972b0213fb5244d7,858.3785082
6f9c1a82d7b64164afb3cb7f9e90671e,1361.478522
10cf59ffd42d42f893ae9ae3f383c57a,1022.38382
2d0310b528214dca9d3fce618dfe16ce,430.3946125
9b9d9bc5655c44b99019f2d21b865458,162.4786709
b570caf73a9a43098f321d5d9a3ab057,247.5501712
cebf36d4816747abba1200f328cd997e,251.5089471
148ec4f1f47b4183ae124f1e3f53dc6e,488.224552
9fab5bca06a64f46b2ab9775980af0e7,233.8488526
b601b144b97346de9786cf25a3875069,146.6307411
2afe63a4e41d42219fbe07c133be9a4d,996.9007618
e2279e3958824218b1481c955b57600f,368.50405
a4c5e722bbe846bc9d1f8e9660971737,289.6382543
df4677927b174ecdacf506304194ebea,456.8351308
ad241b2e5f094f40bb7b8d6984f630bc,509.4933407
f555358d41c64038a6c9c8ddf1ea3930,593.6468062
7354a6757de045b8a31b35399919b0b2,192.3555253
7297e2dc66f8495c9a5ed7071bf96ad7,273.2764338
aa0aef4be3ec4ec98b48f807d7b55831,340.4206032
bb0011f62cf043b2b53d40b3eec66ec6,197.4765351
a70c60d69e8342d7bd4c395cae9bf67f,211.8733211
11bbfd5306d749a2b3b1e9cfd26a49e3,164.9028536
1cb283411a8b4fe6aff2c458dadbf8e3,255.924669
d5602304aa3b424e8c47d59f4c4d9e0d,278.5508566
9f835336aeb54228a05034dc14520a19,303.1948222
4c0466e269254c14800e43389e97776c,209.4636391
6c4447a07f4c4b3586e5c164a78db2c4,23602.82186
e84314348b7b424985a3a386d5bd9bb9,378.2584607
2f0896aea9414bdeb7c0e4eaca800e96,612.6445007
ce814047f0ea460eac671a66dba243ac,374.7030611
1ec8db64261346febc2a6fc649b1b546,205.9776066
f19f3ef1451f494992ccae302f6a80cf,321.5383622
417f44cfa3674539bf75da2e110c34e3,491.1683368
bdc3b8157bb14050a61f56756b3a9a15,294.2209163
7ef0a83e9e794532975734dd5ab3eff6,317.5417235
561f29efb6a943bfb134a2a1d8bdb169,535.4053815
57f0f3f04c7f4b8d99a5e97bf1109249,176.5190147
f18ff907aa724fb6918ace785047cd65,819.700007
73214f1a1fe64a95a5d73701fb9a99a8,271.2937192
98ba9b85adb24713b8925036957f022c,263.1845455
ff61dc61d7fe4ec1ad75cfc138a21075,164.2044306
48387d33d34f4d94902b3711077dd60c,7103.706168
6aea6c5171b447d59ecd09c0f3d49961,1763.086611
f2d0efb1f98341b9acb2b0b4dc548308,426.23401
962daac355dc42a095a9c31cf18c3dcf,322.1780117
a36ff66da6da43c896ee8799eae0962a,126.4329391
9517753556cc4f34b499bb46d1f50691,2035.325207
28a545f1674b4df6ad063aca51be0fc2,201.9715574
0284df0ec9fb4351b709a1c28366dc82,339.6201291
f8c9cce6367e4af8838f5ff3c71b6623,165.2369966
f37394674034458387b5b457aaedcd87,340.7922033
f041b75d234d492faf8fd41dcf1e188d,205.874722
a5661534d18a41cd8abe15f8123aaf85,189.6230601
8c410af9e907436f83c7461fd1804fb2,197.1994993
2d7bc3c2fb7944e090b7c2ce42588b10,2657.294109
635751c8aeca485a8689f997ff03617a,255.1601448
f7867dce30a241ab98c8540e74534197,261.8450972
82a4de42b77043af97c4b68e0a9c9413,494.6418598
a1cc8536361447f6a04e0ce58a5bf6a4,504.5189606
3581c44a396f4c9c80afda434cd04d4d,2010.473048
ca1c5aff86f14af5bf6a3f2827d6604e,1719.627646
6c6bfd2ac65c44349fc6f69359e00d79,141.0536187
457eb765debe422893afb6c03e1a47e2,426.2843531
3a392da920084554b2fead213be3821a,272.8331232
66685558dd6c40d28cf327c7339e63f0,228.9775111
e4f8ae823fa0488795f43e285d649a7f,198.1816147
5a686682f4484fe689f163b38de0d502,145.7020889
86c23e92436a43229d488d1a6e0f7e09,752.204594
512100e51748493ab03f395cb5f00ca4,907.129335
d2f8ee4754384ac083f956c8ab260f59,248.7046263
32dbe4c3d5114937bc7951661a229712,261.3774417
4e7b095953c844cf98e638f10d36eceb,363.8229249
bd74dc95abde41c183e2891f94f1d2fb,144.1282668
1bcd98ff14214c4c9fcf3e4aa47242f6,482.6591384
23115c401d2b4395a76f518218cce4bd,195.8140602
f04c5e4b7ed14e919e943606de447994,458.8630897
0a6e1b68866a4c219c96fd2c80b45126,796.1312083
1056d478e2254bc1a28471121d8087d8,445.4767828
7ac7bcc3bc91419e879354264819b026,452.9302531
bfee70698c954d95a359a7957b5891fb,458.968958
f309fb49b96d4d03b42ddbfe4a56b08e,313.2944657
44606e5864e14e4ba917e461b249b401,332.8231706
f7a3d36c081340728977acb19f55674d,1880.974039
335dd6ee80c64df6a02917cdbafe5758,680.6864822
f83904e6e865445d83194a7b7296f5d1,148.022142
60dff8d39e024ab88d5b22b16ac72746,198.6514433
82b2210158d145358f4cb077bfbb57a1,588.6664398
54b5d2b79d3a45aab416495316d0df7c,203.411933
ddd6eb2d7d9d4cb9b16f8677fce00f2b,598.6819836
be5cf317764e4213ab58cd80f39c193f,153.411635
445597a1b4c64f5e9f4efaaf24172965,467.2716158
7ab45eba0c4c47979a758ead35e746f4,405.6138094
bfd801f230cf4fdebebdbc2a6f1bea89,320.4795622
01762476620542389e99f41413f193cd,420.0215568
a5ed202012ab42f4a74168c6c2007552,192.3298003
48daea1657514460b693ffcdf0f5e471,412.6291687
fb3c4939667d46a0b28da4abd89ddecd,194.4321205
aafcdf94c6c2402088be22a8b6f5c5bc,221.3818474
c6dfd6ab967644d29c334bccbfc83e6e,178.4913643
e01cac0f5f164bd9b9ca69ce2374eae5,658.9060519
dfcfc39bbd9b491782511d70c360f0a7,228.659464
ad49d2bb30dd426bb8a64e9888a53933,249.9438566
32023a06bd00465f95c92a2f0a3f171a,420.5050699
a33359dd55d24740b11f693e6d6a9bba,386.8768262
7dffda3ceab04cf79d656cfe01b7950f,270.3982565
e17ac178c04141adb014b3327f2a4569,298.3854486
84ae08cf2eee4d78a4f032ef85a7d5e0,259.6182654
8cab852c4be84917ae092b2546b8fad4,247.0795922
cfe671cd2cda490aa03a4f37bd63745f,420.7588385
dee0c917cce547f4b0240a352ebb9a0a,404.126301
375f928ccfb34b2ea5fa96a047e126ed,173.4495273
9004ee6a37944b1fbc945083a7a009f8,359.7737048
674f784d17c64017b422380824f78622,642.4240336
ac75b31ae8ec4d4c97eeff4cd17d95ee,262.4577728
9470f1e6d01646eb9b18aef39c0ffef1,851.3006156
8120d2e5b72b4496ae5f5baaf0a076cf,180.3525888
bc36eb16a45e45aeb8e0f5dd88c0c480,195.7130225
b7ad30ea36f84e52be78d30ef810324c,195.7609089
be6df124b6cc41ac9738891f1f3dc288,240.8002115
9ec283c19e154d20bc6c7a060061fbfb,244.0926821
f1c93978bdc649eabffb16efc13ae46e,953.2876586
e4779ce14d08448c9e3244dbf09ee4d5,796.5804047
315ad0b7509c4f6fb073e81ab146500e,449.0183373
b770978bd5fb42f98cd997b9df7a8108,834.6033343
311046fc731c4c6f9c43167b8798c204,199.1810261
0e8f9061128c4076b1c01af506edba97,122.0279726
bec06bfa32644cb8979bafe2d86fe93d,197.7470143
864f348339c6498688e7b17c66f6b634,324.365964
7325cb1eb21d43c9ace8c647164fbb83,413.8708626
e7b47faeed1c4c5587c92292676bf04b,394.3609993
24dc6225f3d745ca8cf1e51a5f703a15,810.4604743
64efb6c60bc84f7a89d283925ef80c93,298.3375785
fae961b0b0e24510b6a4827115527274,209.2767874
297eee43b7f04074a7a96b41a78fc2eb,192.5055059
a9aff41dbba8451e81ff9a07fbcf2940,304.849694
eecada2e9cd740f1a5e03262e0fabbda,2599.240763
49f9e8a9c41445da96be659adf283fef,2115.789055
3421c1d96a514c11930d6046fd564fba,157.196327
25158b36ca8d4ea8ab71015901f20af8,652.6081352
d4ae45eada9c48edb2bdecc2f4bb3452,179.5450646
7e0f56bf2e1a4fa9ab63bd1eb74b5bdd,473.8065985
7a5bec241ce8487ab15452fe665183dc,271.6576478
ff6143435e504f2fa8c3b6c03cd237cb,434.46079
923cfc5e53f64059bc190f2ea244c756,274.8157284
369d347b310240a3bb216fc09d7dcef9,199.6286356
bf911787dc894306880e764d261e09fe,163.6022943
0d71f3fe2cc0486fbb5461d9fadd1c0a,382.3462074
59f9c63c143b4137931723566613b2e9,226.5713295
503e0eb130f449f4b410d5e88278effa,208.1336385
b8335ca3d9d44483ae4accfe4c84f876,326.8174488
b5b5912eabd8444b9ed96668d4e8b8c2,172.8026451
7bbe96ebb15b46ec9b4c6238c795a389,290.8491746
5b0ccbf799ad4aa1aa7e9c3b047e0057,301.0155897
7d71551e30b24ec182b076bd23bf35af,188.3149339
480e4f427d054c7393d9cdf1d4276356,797.0389608
d1be0a5313934be9ae7d0992931b474f,412.1051368
960bcc7be5804679b6aaeb7f16e83640,472.4694854
46e24c1bb1014ce889a83df34c121303,271.1111104
f1e6fb1dcd2949418cb67efd7ea9f93c,525.467601
26e9673380a44c4e8a363c018a4c0e09,228.4269642
9ce49942b1ac4f5d9da188e0780bd15d,599.6102356
c60b247aad014d78b19bcb264138b0fb,925.481892
3d76a203e7f64abcb9e182cefbee256f,2221.882926
c8f647dbdfda4827ab6f1b9a525d6e1e,519.8364856
e70d4f9eca3441a0880aa3585e87b323,182.5600903
21032f7865d943fd858f2aa73045fa4e,147.5908538
927a71a63c6d46bcb9fce357059f496a,543.0230509
f220e4b609294d63992b45f1ee6e271d,309.6230564
0fa76510ff284855ad7cb3a0cd42bbbe,336.3329802
5262d4b853d64e08a72ecc1c856d0a90,195.9219112
01180984c9e04712a68d5ed5c2ac3b88,350.5818655
fc5dc20954454224b3fab121fde92557,681.2074295
f72879b924c146d892ef65abb8d194d8,207.994046
7153fb46a3c649ef9da42adffc3bb924,190.6444456
b9a54e9d802148f69f36c1e0d9f74867,563.5645989
feac516b3ab2453cb08d6a757116e4a7,211.7056947
ec1557e9fde34e3c87dbe2a26eb3e632,176.0710701
3f0b768b5fee4efaaf3797a142d29aea,181.1886687
805722e1c4894cb38ac20e44b9dead87,684.2536987
07165d84adce44ab9750840eae82905a,115.315206
1a9428140a7f4091a2afc561eec8104f,522.1723214
f52b3a2989c64b70b1f855df22eb1961,513.9078346
10283f3af3934b47a84eba3b943d58b2,825.0104821
c982c8c8c5ef42528b5feacdad6c115f,789.0734206
4c7c51ba12a14d5db0db3d44836bf0e3,489.1160903
85030167d0aa4ad19563b1e714ba859e,1237.110352
1ffa28b9a0b04f9bbefe082e4456e67c,160.1955481
fdccb67e106d4fd2a8b8b84620935985,391.0410335
0c8b1c5ffd114756a10f32eb4db8c7cd,305.4384299
434ff1e772274128b27ab7e0808ba01b,542.1505038
9c1237c84e9149f3ad5e51d32bcf34a9,287.1063415
086024522ce14c988377ec575a4de8d1,264.3984246
d0ecab42a5ab43ea87a95af353386556,424.4948956
52a5103d348844a084b3d1a1a1d90cb7,281.7079535
1f40a3b180b846469bf09922dd2178d6,232.3424491
52fdad190a8c439ab1f5835cfe263b1c,801.0993755
b4f425d78ba8460199b9954d871f823d,163.7757775
189667cd630447019420681d17bcd9ec,144.7173327
99c54966e0c141bba22c528a0d2e377a,609.8170603
b448524761e14bde9f3d5a95114000c6,191.0348908
2962d3626153422e947294a4d501c798,347.733017
ac116da8dce94e37917c0343e6f946db,606.8868466
40380321f9694094a22e99f9c4cbc3a2,178.5405873
f9503becf94a4b078764fdba356159e5,623.4299639
19fddc3909334c52bada9a478e1355bf,7801.443288
b676ce008a6b4e9f9d351e1b16143ed4,340.1790915
a852314fe32a47c485f646f1ac4f8e5b,389.0673483
fdabdd7580fe4d25bb49693a913493b7,273.9382642
3e9382c4e05e4273b3547ff12156182b,493.5151819
bda6fd094e984e76913592395d098705,278.6964389
d14f70ab21ac43db9ff5c6aa71828a0a,437.0523343
0400b033cb114c989ea581ede9801d82,533.0806905
c8bfe393a06c40fb93b3649acb7b4bf2,563.4845377
26e6f8b463124e71a6ad7db51ef8d7f6,217.5614889
322d31ccb9084d62a9aea0596a3d7f38,178.5117568
88163d4ea04a4ce1a9a393ed5c9bfcf2,669.9501847
4367bea52f364424a3314dcfb4d937df,996.802489
051a7c4df6084988befd8f9655990aa9,489.6034536
04b71000e0374a7d9f094a6707f421a9,353.250784
164a5b69766744cda98701cda704fba7,582.2585072
defae30d15134f8a973ab10e2a6296e2,1754.840035
9b1138351e75466e94d9682e418d9e9f,523.6199312
a362e5686ab442ca9402e00141495165,114.7899818
7d614a662b3e417cac0a0ec4173d1967,589.3959816
6df7825b079f4727a7977340521dec82,243.4897957
79626334dc414869b61f9b6dfe32648b,269.3659105
074566a907a74d799ce3459d2d0c3a63,197.5480303
afd8af61b22840009cdb6bb8a1e4927a,315.4734736
edcb512895a84ba281643895b4422808,249.6806661
fa0e0dcaf6444af2ae5c3c1a09e59cf5,267.673394
43e5591232034e5ab65f775ff8467a94,222.8036824
6c5a5ea91633428293177b9084d85423,279.9625329
8855161277d6430b934cc929504887f3,1441.412862
f48de4be9dda4e86b3dae07b8801e1b9,426.9570589
dcdea3a45242442ca280e9cbcd09c70a,297.2504156
6aa9cc4dafc741fb9106fd70293ce19d,354.8060274
2eda63f752804ea28f8d9a4da94a9fd0,182.8050492
760eaee4729341eb9a773a8cd5c04ac3,181.6637604
811d3e5edc2f43108362bda6c6f49e8a,247.219483
5fb8cfd97b3f434ca7938b912780e9f6,457.960504
2af4e9e89a644157b2daacddd9476283,564.5993024
2fe9aa4cd4064f91b62c5fba2718e5f0,400.3068459
cafc57a2c2e44e08aa44cf9b9d2f259d,258.9437395
aa5c602247ff4e4f95383fab85e2d85d,133.2606538
02cb858df8b94d5caecb908fedcaccf7,282.5889235
3253bf24d1044777aa7fc5c2c9e010b9,232.2126706
c27a2de422ed4abda7e2503b19699cae,326.6433697
c23f3c549b3e4fb8b6a201cd4c098585,619.9937114
d59e2a4d017b4b3d9d1505178d3f7c51,335.6778655
a0552834c0ee42698768352008c569a2,257.6517194
5a4122ae9a6d4b168c4237d56965a206,467.7382728
4f7029126ba34eeb8113a87c13fd5ba2,470.1221348
79da8a85ac46479fb4264a264eb0868d,126.0533232
11a0382edf2c4fb984ccd26b8405806c,686.49961
9bf07f91b3784147ab1f14e718134327,315.3903671
6d072f8f71a24ddc9d2c8c7a6fb0182c,581.2510838
fff419d5b746490a806685e527df63a6,171.7525085
35cf50151016467ea12bb71dc4549034,248.8058061
25116ee735d54a759771ce7d9e452613,306.5924749
df9a4b3c119e4927be5be17e407d4edf,222.0323301
7e2b549625af4e0dab76bc8c166f0a43,182.382631
624aeed6f0ee491bb89e32fa6648eeea,720.9657673
8218a1aa029f464d9c4b5b23458c722d,592.6110192
d924520b1ad84281bc66a159d07033a5,320.4088099
9d0ab189dccb4a0c82d7fc3d7860dece,1110.060958
0b87c204feb541d3a2525d4cb5afbfdf,259.9622878
e87ec158055e416db60c0c0a5c1f8f43,241.5079988
162a6406a82349c8b781bc7e4f50fe14,162.3413904
f867e1467e784022a78e7c3156fc52ff,801.5765702
56f1ab49af1240179f2425d0cb895c70,163.2762157
87e7faa501154513ae93af669439b208,463.0867079
102213cabcf442e08cec8f64a81bd3af,406.0671936
24443ed438d3404d8fa7f5ceb4b31104,143.886091
abae46aeaae7442aaaf0677b640f425b,175.384896
c0dfcbf6e5934979b76bf510f7d04007,235.8429724
8a90900b597243998adffc8ec6534e9d,246.7149689
75d1fbfc9978473daf88c9dba53d640b,494.1973244
e4f8b7659ee5485dba540550544d67be,1511.015769
aefe2666631749728a680efb015ceb1d,321.418391
c98531bcc4194b5793b2cb71b6c04116,348.515739
12ea0ca59dfe4fc7b585bfeaa48331bb,145.4480001
b82c768dc2aa4d6ca605331eb8abe2c9,343.2070613
2b0dac5e70a542768e9ed52607110f4a,265.8338714
601f4b30d14b42b98b550db9539f0436,162.1094229
9934af945d3a4e1f8f1b4e19e294fae8,213.842243
2b379e873f524709aca760fdfbf21aec,356.1934209
a51cb0f2f48b4285aa7e4e0b1bcb5610,424.6094556
9a42580cb6c04729b1e634a453ad31bd,298.8866399
f6466d02c89747519ceaba0ffb38a153,343.3205709
a603444a08334292bc6301cd50aa91b6,150.2000576
fc4d439cdb124b36afc6afc5817696ec,286.8660869
001b86241460446b8a83d7130f42d562,753.1657781
5dbf6ba139e5485189d688ee6b2d6cb5,381.4518735
e5aead3160d6431bbcb82d32f6aa10bc,245.4966315
835b8b91823a44789366ec11d9d5ca4f,562.1097869
faa44042d8f54ff18f8c2e0763a8f1fb,391.0500529
ee6eca6566af481e9af5881716089d22,170.4436259
fede3468c45343adac69bea1104b5602,186.1029223
dbdb6359bd3d42bd8b14da8fc40fa60c,920.1968713
0b97cef2c97b47a0a72b86886ad074b0,144.5044943
b905a878faec4af7a99fc680d45f4de2,977.0683367
251dddb98b834160b32fb1d26c1fd162,552.2626746
f7079dd10eb642a7a74a6c9337cf54dc,574.7119424
65b560c0154a4e9ca376ed7c46458af5,226.6690682
ac49330279744dd385303d97ccc62e69,283.1164848
848a7cc0c8a249108be3d83b76c3ec81,164.2913424
b3a0819bb48b43108a7c9ff235feb12d,246.0842071
cc8ee7612ae54f34b721d4d2748843ab,680.1210115
7a4b32e5aac04985b889979f5cb2cc74,458.422128
68d799923aed4711bcadca877366d1a3,290.9226049
fa34c36917bb4675a1eb614d5850d038,159.1717578
5dc4ad7de2f94430ae87b62ab3e77103,173.7416111
961f14f0f24e4b49be6f8f4aeb26df2a,429.4724174
9f6230151e504ce8a990031821edf8e7,446.6193798
17485443dc664720b5d48128917cd5e7,349.1432585
32fc8be2cf874584be77a924321b5515,475.6660085
ba39f46a778f4994b01c90d47e91268c,212.3853665
d2a49bc5c4084bbca5dca0c2f12413b2,500.2169012
f89e3e8dc4b644a5a9a98d2b7a581543,280.8136763
70d46b4a5a1d4a08b9906c3cdd866c54,165.7357682
8e673d46e44342b1a8c927e655173680,301.8878
a0ba1aa59daa49f8b71f6728d81bff69,316.0856667
4930ea5f4afa4ffc97258dfd433988a7,199.4650961
d0f488f78bd847018415c83eb4dfb6a8,243.171278
51274bc62c1b467099b3b80b0b970e73,186.4042394
4c0e62c1606d4b0a9684c9f62d0e0874,495.3029371
5ed2fc6298704af3996abc28613c7e8c,1480.234228
ed3a1a86d1444cf7861df4ae0342572f,821.0446384
7b12841832c947b7a02e435a217fbaa6,147.0913737
a1262452bfee40d395b4e7f35b531afc,180.4124935
dc30cf2e449245eda2cb29278ee5827b,214.6882146
3bd97ed452894c05b1b6213de17810a4,180.3290028
2d90996f41344074b12cb1db7d12cb7b,297.5593815
8931ad68e48d46f6a33b81b8f3e29223,255.0394766
0092a586f8d44cc5ad3df4fc2e712a10,411.3009723
7250dd3a8a134421814df43ee5acf929,232.2638454
8a1705a68102435f92106658674fa96c,178.099101
31af81cf07c04b1cb494b254d080badc,683.1886112
b70978adc3754cd394e09ce45f849f73,217.5530282
7866c86e7455454aa664bc585ea58fd0,149.9006899
0c19611b02124a4388f5d0882761a673,469.4470615
69229720881c417696ac154d59485129,148.9593297
c19c560e3c374c3e80a533e6c591b881,434.554359
3fb8d4fc8f1746c594f70c5d17736f06,549.6612141
5bf35bec9e834acbab2d2acfd732ac1b,277.9848995
f325efe66261410e9f19f461dce91ae1,369.7508551
71a39037231642ceb855e3876a1e358a,243.1810717
e958c21c3c9944abaf2dd6314094ca95,730.530685
6be3d9be57974402ab0a338d57fc6978,235.4332754
3107bf7b441b46c7bf8226d38302ef7b,651.52278
b3678b10bf2b49deb641f512596eb649,270.3443063
6455922b476e4026825c19d61a214b29,384.3740751
8e606cdbbe3f49f3a8228fd7bb320c9c,182.0656813
fc5b0c0b2f6444568d85ad40426c7f58,11767.48375
870cd6e79601431aa938091ece018645,215.9968964
1ecfbe73b1c748ef8f0fb894ceae2465,424.5689184
660f50eaf07b467ea82a39c8103416f5,391.9308655
212954ff8f374998a04b844a379d0c6e,582.2316911
f34a22757ae94f83b635ea844eaf7378,324.6071757
fd9ca62c3f0a40c7bf637ff66c350156,287.5279236
847e9a6c361f48e4ae64f43fee3181bf,668.030968
a3bdc0842ce140ce9b6fc8325c79eef2,146.5033202
44a88b4aab734007942bf4215d0a5436,192.7679892
64a31dec52a04fb5afb61d66c44068d0,695.9962323
04c6f80844ea44169ea2348014de5044,499.1548655
47d013aeee05499e8001e771b22793fd,596.2019099
7ea47a8869794f03a77fef02cffe4a54,408.8325324
b1c56d73c1614bb2910a16520478f06d,452.8942985
174f0f285bca46bd81aa7ebb95f169d7,231.4008466
9d14cd64dac94e71b3c87d5dc7c5fab4,283.2429907
1e0e4560ff7b4cab8aa9ae7a6394ca86,230.0064788
e1f609d1ad644610931215836824b5af,187.9782371
074dc51f6568493cb6d76b863faccfad,719.2758889
4623e12f71e44a24a49e6173fed2087a,263.8344358
4948b65493434bd0b25cc1db3a5a1837,134.674303
ffe28b1573a64513a503a450d24e8926,277.2858303
8c3bd8b51058456cb0b61f8523b51cc9,177.5432767
2c28cb38e3bc41cf8adcb4592550e27a,391.1280168
267e537e4b4d4142a80aabb2a75efc26,488.8251365
7205d01baada43e894b617dff097502a,390.6950315
76e56f1181434e128d0297e642c3ad72,216.5475799
63a1db7b01e843f1a1fa4096189a9183,251.98644
41573b6b428147cd88d38bf1cadbc6ea,790.8185395
0404e9a280af4cd1b767bf88b8a9d9f1,754.2891586
db7a8344211e432a90f24412a1baaccc,294.5270659
8b4a268caaa545b7a68f5a6f923621ee,146.842065
1d08b06906a64a21b733916285b38cac,578.6030028
5cc115de4a404d10ba80c37bcf2c754e,758.8101189
25baa0b62c6f4cf6a03f2df4275d7f2a,197.7922931
fa422f1abcb14c25813b24ef4d6536b3,175.9973478
ab9d861c60924dadacc152fe305a10b1,376.1187843
6304cba82c40409896559f4cb036c140,321.6385108
d7072c2f1b60456d83705616813509a2,194.4167344
fc4b0524f6764e20ab3e1c7fd32cbefb,438.2583565
b2591971723e4aa78793c2bdd03ae9b6,952.778108
2e6ed2efb25440cf912e85c07b7f0f92,171.4934654
075165315d8b46e2a15c3d0216fa181d,173.6533847
dcd1ac518e5b4eda8338d0e8ba24f35b,395.4570027
576c1a1bf6cc4696b94fe2837716ece5,330.5419824
5d378d636dd442f1ba4cb0e5c54d738f,242.6629719
e7f1e07127cd4a2c85c1ef597c002622,599.0127901
34dae31c7ab4469eaa49b51380157cd3,416.0067197
7209afcc7af6456cae1b99d52f1be828,419.883862
af9e2c21aac3451d9bfa3240f792ab41,233.195312
bec3061dde834294866da6c3825bb2ed,284.8921507
df6318899b0645e191c2f8fb7946f438,92.30358224
c11ba68917b54b9e859fbfa9593934a0,955.6136421
b697798e7f8c4d97b20f0a98d61781e5,349.5183467
dab948a543134ed5b0c1a6a3a8e98bc7,1348.606515
ac4a3e0c3e894a8b9f41c15519d120d9,953.0514017
aa873949fa224eee92d9e902f1d89ed7,455.0840263
5d2817ed63e648ddb535f037ef07af2b,963.7903325
56e6e19c7af84ba484af5257b672b6ab,179.6923354
ec1886a9756944f88a6978c132b95592,554.7171879
db2b56fed33e40f5a01651c581a66aef,233.653723
ded00a33d5ff4a4fa7fd0a5cd7a783fd,379.3449121
6bb26b97aed04e549456ec189d0ac26a,242.6434221
4acda4ca62024771a0c0b2916a505c72,318.2338928
b510067f5f1140f1a0e6ab4615126734,308.3174425
db36e0656c444925ae160a651b83c7e4,491.2356691
5690ec8f199f49f9861ca80935048d01,150.4716543
216df294a9cb41e8a1c127e9069f0834,180.1401013
3fdf2ebcbf8341a0b7475fa7d0f73621,150.5648134
f9def406f8644aa0a1c5967a4e19bc0b,237.6061183
91be58ce4c054873b75df2e5840df80f,398.8966711
5d426fe14e074b379f79c2a59991b819,597.5577757
04c6ebac2f6b405fa80e3af60fd822e2,243.2830995
8dc95cf167b74094879240ef91e46c22,322.983123
f963765570604230842508f2546ce014,424.349681
8ec464c8b3ac4ee0bff96b9a240f9412,230.8815459
40994bc3601c464da9cf1e23a9181121,268.6196399
bffda383260043509347802d158fd658,339.6201291
6bd4a55e03164a498f82a021b747b67b,128.1181262
86be716f2cd94aa18c991167d38166fe,320.4576766
59832f74740248808dd9cf7dbb3133c8,278.5507985
b4958ebcda5e42f9b17cf9668896758d,439.0523985
bff17c8c5bc64eb2b69efde323c20885,314.4234394
e7253b2de7e240b09b31783955e0a805,178.2895339
13e39007b26e46bdbf04afee1d828827,596.4078528
6196ad6c65874c10aeda5a73a2ba5b0b,343.0310925
6074d84bf7c0428caa4f1c4d11123205,189.5647443
1138227956244ba99fc38ee8e84bddbf,334.0483396
d13def872d364560a5b0ee086dba6b7b,237.0000091
ea428490fa2046b5991eb638fe3ac059,236.1866789
57330f0e2c7b4e90b079661a01e0c1c8,428.4840476
fd61f7e1f30b4023991b1d78ea0b31b0,101.1056768
f07bd3834974488c80ef6a3562c4cc3e,392.1352592
c3fd7199966c402fb91482ad931b4dfb,389.825149
12c0f78a63d54b52b08188a3b318cac7,440.4821131
32a45603ba134c369e811040c8bf85dc,321.0868734
c08092b196dd4f44a663218d0aa0920f,997.1066354
c927732b40a444e0992bac91215699a6,492.78999
4c01f4ef2c9549deb2f7c633ccde64d1,281.9439936
14cea662f4f3404abee5980bc295c751,928.9483213
17bf858efc834a0e842f6f6a00b41c6c,485.2601017
0397242e6f904fd9a02b99419cb5147c,323.1455899
2aedd63755bc47dda3d0e38d75ff7605,566.6986455
4a6d83878c9242bc9ab1686945524611,321.1335938
08e3e557611044bca47b407069f645b5,1067.895765
89c8f548612d4a58820824b382e91123,186.3655602
69985c538e454b8e8461b6315184d8dc,251.3811568
1a9a4cd7c23a4b008f67acf35ac13321,217.5002334
60dba049cd9c42c6a7d517035a624302,223.7820409
4a40bdcbf1a54b3ab2f1d86084a1ef1b,521.9833905
40274a33a5134902aafdd31e176c5ff6,178.2055569
90bbdd5ea7184fdf99349faff0a42e03,743.0738205
ac54ad99d55640c5992ae485a891cc8c,289.7345459
964e54ad3195451bb2c8777b104ef2d0,332.1375954
5e69103140424ae9bbdc9df6bd7d0d9f,382.8881511
7bda8ea1fc2c4ab78eecb310ba66e65a,229.3720134
9534cb2591144220991fd9edddea6935,735.5992345
f85e2f220af547eea0d0378f7d817522,195.1516117
bc28f81432404326a3b6b26629fa43a6,378.1901266
e4cc1ff4b57a4bacb3acd9c7b397876f,235.4156731
4fbaaca098d9478bb06e74b1a4a88a72,382.9321841
801746ead2824e52bd7998b6453ab719,207.7701317
3daa89cdc5074afb81269114a2480766,1353.758375
78b1402359374935ad2dbc99d80d2556,195.7052283
b4f30a706f6c41ceababd05eedd4d2e0,226.7325415
87447abd896946b2a440c069f0c5e566,182.1638238
94f469eaf120434baeec32d4d833dddb,617.7131302
f2205d21d9d842608e6eac6ea70afb1c,451.8713896
8f580cf870314f04a0cadc4726216fc2,313.8186596
3a1e4490ca564257b2dc011696475993,310.9067565
5bb6823cd52a4c57829450bb41c007b0,226.2156871
d9fd26536b9341c7b0acc7a2a78d78b6,437.8781327
e0d2ae907c4443fb97930ca502f1ef9f,505.1265919
43c8dd30736642d4ac1aa3f077aa885e,178.1489353
d5cf184190da4c40a757642aed2fae14,150.2592331
ffedb0fc477c4c37b566e7ba4949772d,147.6084806
71b05d10ab4f4e24800ee5ec9cdbcc74,234.5759394
c344a16db40c46f29120049514ba78b8,509.3649706
3c7378e26d994ca0845103816d105f3f,178.1780636
94d1684db6e24391b2ad2965fc0edf11,232.9515209
954c54a4600c4fcfbc6084878286571f,169.8424201
8d7af698359f4cbea14c652644b4e547,390.8407986
ac4e57db5da44c70bb80831a7e278f3d,832.3740473
c950f277acb94798bbaf71c171b094d1,224.8974837
71ff9a46098841abb4dc41953979ac40,1249.531179
3a5928dab3ee43119948d51e7e978854,183.5000003
11f0278c7fad4e8ba68e0283c00c7de7,179.9248582
9b381e82cee247e6b34aebcf378fa141,708.7812625
bd0779c371094962a59d9540a092b7d0,1528.813155
0b89726fcbd44ecc91baec321ac8f477,215.9504865
88d26ac38be14c0eb623c996e2488366,709.3293484
28a2a86660834a26b21c827fbd963c0d,385.2755456
a930a0b653134b119b8eec0085129213,331.6191533
9a6616bcdfdc467b99f7e7fd616cbdd9,387.1500523
ca434ee2514f4c35811be6e0131d1d1e,409.4820008
a84bf28f0df4450893055ba43875e725,390.449504
389e03bf7d8645a99f7939483272b59b,407.0606775
1938faa27d8c47eb94122b1e33c8dc2c,416.3788039
3a2b2972f6784ba0a72acd4f82660865,1022.710489
3b02f8f64703454b8b469e95b191d20f,543.9360517
d9feb551312b4e979740cadabb8cc8b0,1322.956151
2002f0fe5a5b4268b29c95a8c2c57c0b,212.8690041
5416364e5f5044a49fe6644d5459d110,240.2087607
4e2a949f2f10404e8fba02d51b41a9c5,1195.642025
4d2e6a144e184885831aca509d7443b5,179.7903293
37d2644b583f487383c8fe57faaefab4,456.7309456
30405088680c4058a3d41fccc3595bcc,324.0952021
e1b60fa1770f4b13b54a13c3aad87d73,305.9408873
74e0bf269e084838bb04706a8b76a1a0,459.6866895
a7e7e7d1c0b1403ba0251a6719de8788,608.2122585
f12619e33a114723bae195238e45788e,356.6726233
9c9f81b48ad94e9d997abc52af82f8fe,567.0366148
c5f43ea6f76f472fb57a76c76ca47727,195.7286014
fbd9a0d9ea2f42bcba4761f8a7214427,712.1507486
4f161cd32a78499db521449321ec3d01,798.3768941
2e34c1e90da34bbbaa1f348f22db0377,318.502138
82a1c0f7b99b4418a1d70e44922cd380,135.2743252
0e4d0ab88aa84bb5a41d5b2f6c116bf8,242.9079437
eb12116ac4274580adb9c23e95a280c0,289.2445382
9e57a1e2235246cebee719d1033edd6b,495.9499504
aa963f076e53400bb03719674d683e26,999.4779181
7ead58d885c844d3810eee4b75818b31,394.4634445
d30e96cd00ef42e6a9b284a74bb36e02,1477.033791
ba041756c24442c79d2d675e087f6083,172.5727997
023cf91c2a6248c18260ac7d3b4a7d6e,213.9820286
42f9f9a81c9b4200bd66e67232a80a7a,186.1053655
50db0dd30d544202b79db39c3304b27f,767.7608073
1f11e5ec78ce420a93adea7bbac160cf,116.4856703
0c7070da7b304b09be278a817f6513ef,285.5333666
56565816558f4cb6a52c628dd7112c72,380.2161119
1c2cf404c59e4192b608fb508a544908,314.0649075
36bfad2712e347299c57169a17d7f996,390.9320184
72e50adc5f404d90933afe36a22a4157,353.750635
12571ec86a4a4adfbdd8381282bf391e,470.9324013
53d25b69702440148a701d7e0b8ed6ec,310.4176989
199869ba682243f18a045352ea5db544,230.9116363
5d7abc18cbf846bca441c43295dab88e,285.8203863
1d7203a4e1fa4325a15679a739828573,317.0128084
e8134e11d4d941638d299b7d27e8caca,486.3780376
f1a05deeca294066a309c6f9314c7512,216.2200303
ba1aaa126a1b49d6accc6956a13c967f,516.5946221
e7d6cd5931e344b688c72d99088b4333,385.0007712
7669aa3ae46a4c96a16f66a960b04e02,921.5829256
dfa1d538d63444ee9ad15100d4bad3a9,598.7873947
c31c0402fe0f466d9736bff076e581be,590.8205657
2c8011bffa9a46bd8027a23e6ebb0378,261.8358429
4abe0517b22a478b93e24267a4f5362e,415.2052644
21718d097d414acab8cc2ff9f1e84fe5,278.6582449
737e665fa9a64026a0a5c6bfd72cea33,624.7262722
00ab84ebbbaf462da0d3967569f87bce,670.3198845
81ee4fe950be4a1abb53167fcb3bdb6e,543.734046
8c87fd5df1314f9e81e3c0d50f7e0e05,637.4320845
f93b66632ce242d5b177050a8fbc63d3,181.2478244
5bbd717df115450a80e1aa364846f015,557.2588376
335285b38546406496ec7472407d46b9,476.3851895
8abaf9f9bb5e4b29ad1a261fc98108b7,193.7277038
0333ddcec57646c7955da49735ab439e,229.3687544
aab4938bb4c14bbba1d65268d9d435ce,153.7719233
fea69a981dda4395bf3afab16c4d57af,194.4404506
4d59653e2cd941bf87b33803858579c6,624.2172321
ef5af8e2ce6e435caed83927ca7035dd,398.7604405
2f39038a9ade450bb25a27216ba39eec,589.7770295
fc3eabade5324846a677e443ff8e5db4,108.0201015
e7a77a069db64c5da8fb407c293eaefc,830.9813005
a4214faa03534cd7a7da0a80502e74b8,504.2070696
5e78606a6df54b7e9d0960c1a91e2a05,617.5210297
e4ac516eae5f4ee2ac1b2ef83a141c71,175.0368982
4e6ff3d3695f47d78967a1304618cf75,198.9410453
1e1d9090bfeb4dc58a40df912cdbe516,531.4288133
dcec057043ba473d89bdfad7203b7f5d,758.3460456
ea5b39c9912d4e37ae36481e378570bf,1326.047662
14c31031e71140848f4d41396e6a69f2,906.4028227
6e0a935bb84a4d95bf498dd61f9a8066,245.5930142
8585963753a34713944a0b64b81386c0,214.3738644
6e9221c3d8bd418288ee93702a79c99d,197.9896885
28182c0154c0403290f85161a32bb6dc,799.1748954
362f61d9b2b24fa98a9fe7a05cece388,216.1986359
86cbe1783e17459096c443c978a16321,422.4300671
563f84e6f02d41fe86114471bde78303,195.4186491
1967464b09e84305b2d04dacd52eb9c5,629.3992939
e74b7641e78d42e09767417f89dad445,177.7091942
58ef3cc9521d445abe73e1a0c2817b23,464.0159904
38ff137dd8994a00a9a8c9d080c5e6ff,299.8443836
dcfdf9fb5cea49aa85a8190d34fe3412,344.2148005
3e29666f03ab423cb72d1827a7a7f21f,181.1745299
3167cb6dc7214d6987b4d44801b69a80,595.3324663
f2d26c6c62224b03af7fa2dfa616ee44,229.6974544
c1336c8c2b974247bc00d525405ce92b,215.7840555
4b50a270b88b4a30804711c274e9ab87,146.9795135
9ae87363c332431494b141de0d5646ec,847.2186639
ea78b73c6f664085b2cae3fb6d3b3e30,463.4417917
06450fe4539541d6bb464df0b65cf622,238.8894316
d31ec15659b348578f0c5e593c4faa35,282.7320102
b84021000e2646308a5f3e4ad213371b,350.368138
30706a0af2174e0c9669810ba327f3b3,210.5625709
dfa5d9d8c2b543fd93336d5e0366cd2b,779.2525319
811c4ef96aec45d7a78f4578357f29d8,194.8399657
af1fc3896fdf4c4a8c35cd77329955ce,380.746773
0951e0f5d51441fca802f822894ce4c2,283.4842445
e3517f8643bc4daf9a79c9378f06be81,110.9085872
37706466eac44c6dbb95f504444bc908,131.2292682
46ed4b7820bf4205b238ed4b62709c06,866.2226283
b741784cc4254128b1ebf86e1865aee8,349.891468
30a6397bc90c4bec9bc7a17782fb6543,180.0471511
3f70fbf1439140e1a4b71a066d444673,590.0100869
d39d2ea0abdc4fb79e71a66c2c9a782d,234.9612113
e6a077b9c96f4f788a7241be2a14fedf,437.1816207
502aba905a0342beabe79ad72452b8f5,151.3666911
14e5429600e94bf0b218239604926021,301.7603698
40f5b89853754eeb91a773ff6d186102,1178.213848
6d36c7171b4d453b9263718eb36b7bfb,262.1589243
f75c12342cda48b3b153ee3da58c72f6,382.8011041
82a8371ee8eb4881bae94d4a4588331f,320.1272032
c84461e2ab654a999bb0860d666b0803,415.8746844
c855dab08cf54319b7c5d5e9550f158c,680.6168858
faaeec2ac8254033b92ae10c47fd653a,158.4587311
f108387cf2f84e7d9aeba27b5751524f,291.4578087
d4ce5b37aeb9460e8d7da26c5b91da10,574.0566734
3bf09c1307384c2395d7ecee8b639658,264.3236647
7a5aa118f3f74e1eb950d191ab49ff38,147.5437449
bd0025b99dff4ad786e00a73d407229e,284.0383849
12763dc263b54da8b72534f8358aefc8,777.135008
6ca79d5bdf0c4f959698a74c6f4e0ec8,995.1616401
9095bc5b7b154a518c5685342c273a77,1398.842364
48007fef8392478c885c1c75d4c3ffe0,322.4443574
f4644136dd904be09a6b969b153a9498,836.0295109
a323f01f1b204656bed4180a6b57e105,191.4827821
3f41570730724b9a8fb0911f4bb3509b,586.8837507
20685f2a2d3749da9fbea7988ac02e06,233.9539761
a6183bf9cd0444ffb392ea0a3ad7dd7c,178.6470577
0da4c5b3bd1946d6bd15ddc34261131a,623.6884605
660d03aa11424ae3aa8905e2b70e4149,252.0480469
ba4c0c18ece943c7a8ebcbcd87383478,601.8487837
28351fb1609b4b99ba8fdc0c61a36c41,794.6809776
157e7cdd581c413aab39ba9ab5129e38,491.5080896
6af3b8a692074270bd9a40867fda3863,286.739635
f90bbd79709d4967b46e4e15c0d8fb66,163.0269916
220ee70272c348e8940a217387e29deb,363.9595346
3e15800aa1a94ac3bd48c6ca63ca4fc2,409.3238554
990f3462ab1149319841435b1e8db99c,519.5162998
c0ed28dd2e5b45bfb5de993a707d94bc,418.7015498
b0c096a8884b46de8ef06a83d87451b3,430.818889
5a071e3af7224c22871d018e04a21a30,403.5761524
7fe30cc43ee54fb99c2b4df9ac202086,714.7780903
d0c07f5f63f44d6cbf0bafe0a6cf2416,899.5824143
4de0275254fc4554b529285f29e308a1,403.7030134
a60236b80f13418fbc4e4af60c4410db,179.6960336
fb1a755be6704801b2fc579710ae7fe7,436.0372776
3289e940c8e747538251a727a72e2072,201.8947041
b63543b5a1c046519eeca888df1e292d,2173.423902
c4920f20c7ba4cdba107bff6fec07df0,210.620777
62d9187a58224bc9a3268a1d18ae19f9,188.8466876
75d6352727e14d84a8b20983a67f0a6b,249.6127074
17346802f3324e8389c6f72d8f2bba84,232.2647498
37cce878e280413ebfe737cb16d7a453,251.7621404
092b13c8daab4053a4f6078bea347d15,428.0320021
6526516cf2614b6880994938eb538c71,162.898336
7cf2963bea664ca894a40e272506bb8c,453.1856907
0b8292cbf743422680bf6d31352cb3b0,231.8805252
892a70c19ee04764be7cca02f634e567,195.3987589
71892789ac5c46329689483083de7526,270.9687234
fd9fc751cce14625a0869b6d98831dc9,349.8221294
2d5bb34f44c5423ea16fc47324aea7c7,180.7419998
591727d1a9d94f488f247d97ec5da68b,179.8669908
73efe604ed8841629f98cd7a49609138,565.4759049
3ae147ad90184121bd2857bb80db35fd,158.5169884
37b6b771c7b34cffbcbe31dce7d6163e,400.8951202
2a1c21f09c7d4ec78d63728ce7fc2bf4,220.6941467
58359c12af384411bf78d20797f4a863,553.9172199
08ff56a6b15248d693e408f33394d5f6,437.984495
