,id,Predicrions
0,5ca46720-6bc1-4fe2-968c-edbc306dfedc,0
1,faa1e149-15e4-4a6c-bc5a-d8e5f81af897,0
2,ae2e1f78-2802-4324-8c64-26db02fb85b5,0
3,b5189491-5ea4-4841-bc04-755d5c1bbd85,0
4,7fe5d71d-b568-42cb-a6ac-e84bf3a02b77,1
5,dafddede-726f-4cb6-83fd-68f7fb68a93c,0
6,8a4fac5d-859c-4d87-a3e3-cfe9f083eb10,0
7,fe7e9bbc-accf-47b6-85b2-cc971d3448bf,0
8,775906c9-b4fd-4693-acbf-b0d38c7837ca,0
9,7cc152bd-bafa-4ac9-9902-6a261e42bc22,0
10,2935359a-9786-4ed6-8dff-fb608aa5e58c,0
11,fe7a3190-8e29-4a52-b7cc-b4b3bd1fc7fb,0
12,e5257f26-a009-4a50-b2ba-348e4766e103,0
13,c127ad89-dc85-41f0-a2a7-02095058093a,0
14,cfb6bbf4-7e39-465c-b495-4e581a438af4,0
15,3a3c3412-948b-4703-9a81-f7cb4e52d787,0
16,91e3babc-2611-4825-bb22-d11b435e27da,0
17,b663422a-79b0-4ba7-bd6f-2a556a1e5193,0
18,dd3badef-a35f-4bd2-a718-7d5d9dad8f9b,0
19,f1ba0efa-aef6-4214-a376-7692f75d6560,0
20,24abf10f-8097-441c-9087-6668b0d9aafb,0
21,73a6c3d8-c30e-4aef-b67d-62c73d8c9aa6,1
22,4fe02e14-a17d-4fe3-9f07-fb4905b8892c,0
23,7eaff092-20b0-42f7-b143-4d9e66f44dcf,0
24,12c50e41-1e3b-4f05-8d1b-e8d088e18f95,0
25,01dd8c71-7b67-4158-b118-fa2141c9b7f9,1
26,3b22890a-e94c-4be8-bf03-05204a762fc2,0
27,14ca6f2a-55d6-4eb0-8f7c-1fb499a11b0f,0
28,aa771210-740f-4d97-b87f-1fc9c6f28991,0
29,6b0a77b1-83de-4df7-8840-3d955bd09fb2,0
30,4fa48692-523d-4d9e-a615-2d12f4982aaa,0
31,d47aa7da-3af3-4dae-8323-f462bd908f0b,0
32,89993a07-83e9-42c5-914a-0da2d9bddb23,0
33,d30007c8-92ad-49f7-bde7-93a07b76a50c,0
34,ec3ad3f1-9845-43cf-a490-e5a3b49c3765,0
35,75ec9da0-1f6b-4cf1-b363-553a0ac5d578,0
36,29039f96-4763-4ccc-be24-f9e545875202,1
37,15a4efb6-0d40-4444-8544-328680544dbc,0
38,e8371187-5039-4723-8785-42efb7e069c1,0
39,b0f9a6c8-e594-4a2d-98b3-2f36f0eed765,0
40,932f2341-9dbf-43f8-8723-104cc1adcee3,0
41,0ee861d8-3d1c-4954-aac3-cdb0cd753936,0
42,fa73227d-76f8-4b7f-b10c-3933cac01ec7,0
43,a616d3b5-7daf-4efd-b81f-eb82666b867e,0
44,51b95d1c-218e-46e0-bbbb-9a90528fb583,0
45,021b8075-4cb1-41f9-8a46-3879ba4aaa81,0
46,70f7befe-7ddf-47ef-9c6f-21b2046af6c3,0
47,efe68e5d-aed8-4904-b5e2-0977892d8a86,0
48,4015fdf0-e4e9-477e-9f04-b1d21360ada5,0
49,0ff96c98-e814-405e-b07c-786a5e389279,1
50,14a9b318-425b-40ee-927a-dc4392096ece,0
51,bed07455-dc76-4358-95f7-20c6923848fd,0
52,2237938c-254b-4833-aad1-08fa688d75df,0
53,8a7da909-1809-437a-b80d-a3b3117df170,0
54,1b9cfdf4-7c2c-4765-b95c-43ad9a80da78,0
55,59ddaddf-b455-4488-b67a-f9ae94da9735,0
56,0de72bd8-d941-4f04-be61-21c30f5a4429,0
57,79d07155-31df-416a-bb92-f32f1fd38170,0
58,97cf7c35-3fdb-471b-9672-04b3cf5cbae8,1
59,f376223f-b0e8-4dec-b215-b7cc41d71933,0
60,e21d9f6b-a268-402c-9048-fa67acb8e6f6,0
61,7588067f-8b72-4890-bd03-5ba82603f3a1,0
62,30043286-2014-40c0-88bc-3e4f18a47680,0
63,52b46742-ee12-48df-8d20-0e3ce8f40235,0
64,07a6f12c-e665-4ffa-b350-b30c18909e11,0
65,9549c488-7662-4a7e-91fc-e69bdbe5f41b,0
66,182bae33-a7ef-4531-bbca-bdb19e988306,0
67,0dc2268d-e78f-4765-9035-8d780b53f3aa,0
68,fd2bca22-1ef5-4e52-98bf-ff7e555f43d9,0
69,2ff7c66e-1e05-423e-99ac-3fbf173ed33e,0
70,2b207d6a-151e-4517-9b4f-151cbfda6155,0
71,7addfec6-18a9-4e7c-876a-92e459a399d1,0
72,dad51981-e69d-46d4-a04c-5c1628e73d8c,0
73,efbfed65-f15d-4b42-a3fd-c535473916c2,0
74,45dc9689-3f8f-41a5-9d47-26aca01ec2ab,0
75,c8b66dcd-b395-43a3-b9c1-b69487ab2ef7,0
76,2d571498-d092-4b97-a766-cbbaf37ab376,0
77,374b0ab8-f169-432c-abd9-8d84d922fde7,0
78,3af5b7b2-27c0-4661-84e2-5333538781d3,0
79,b00b32e1-60ec-48d4-8df6-02e3a6e482e2,0
80,98aa69e5-0e2c-43f4-954a-6bb7bcbcd1f2,0
81,5a2b5d74-8d0d-427f-8d90-6037670d41fe,0
82,e683b489-73e7-45a4-82ec-a7ad3e1c1e29,0
83,e7d37e23-ed58-4320-ad56-6c0285946ab1,0
84,a0e86cdf-e6ab-4db7-a5e4-ef93d8038023,0
85,291e9fec-6437-420a-8734-e732038da1fc,0
86,cef44d0c-3582-4fb3-8f24-3d8d01254429,0
87,7d0295bb-5d8b-48aa-9d85-eff4b00cfb08,0
88,311af633-608e-432d-b9ed-33ec9d241082,0
89,adc8fe67-f468-40ad-b81a-fe341fbcf712,0
90,e3d44e84-588b-4b80-a99b-a1def8655a75,0
91,b0152f9d-ccbc-48ca-87be-8e6895fdf856,0
92,bee3a9c7-b7f2-40a6-a972-2c9b5659471b,0
93,3cadaa48-a369-4f64-a685-c39839b4be1d,0
94,510d9b01-e6ba-4fa8-b2b7-c0bf8d9e75bb,0
95,8b530aba-490a-43dc-80ff-1f3420cbbcea,0
96,becb1010-7a34-4281-b984-3529273651ee,0
97,5b020193-1c2c-4146-afab-193c0b451b76,0
98,86ada02d-dca3-40b4-be71-c86051f2c4cd,0
99,bdf27afa-10c7-47f0-a432-6d039156f773,0
100,a32beaa8-ece7-465d-a7ff-4797f397e120,1
101,51f83d56-9c3f-4ce0-8fb5-87bcdebaf4a0,0
102,37e6c957-3821-495e-852e-4639119f57ef,0
103,a0b1edf3-2f34-4145-be34-1a1f89a7999a,0
104,05e7ff84-c8d5-4adc-8131-a7da8b58c8a0,0
105,9fd50fee-fa7a-4c16-8a4c-2869ed2d4e40,0
106,d371e938-89ac-413b-afe9-1adc565bf5b0,0
107,7d109450-8ed8-40f5-90db-124dc23ef782,0
108,448a6030-6a31-4b80-a7a5-da9f14518b50,0
109,01c579d4-c5c1-4482-a378-70f8aff3d14c,1
110,12c482b4-8631-4256-9c8c-666bf9f50c3d,0
111,ddee70e6-633d-40a4-92ea-ba60e08ffdef,0
112,7a015d5f-41e8-4f0a-9afb-410d19347504,0
113,47b2bbb2-f95e-4532-95ad-c0fc7901fb32,0
114,cd610e50-5d7e-4f8c-b48d-8489c273d712,0
115,5ea825ac-6985-460c-b3ce-83dd3cc59167,0
116,c2d7511f-4e5b-4259-99e8-3d05220339f9,0
117,5fa8cb2d-b43b-4d18-a4d7-af83b44bc8cc,0
118,c70abe71-173a-403f-b2cf-b723d7916a53,1
119,df2bbed7-6d4b-4f00-9ecd-9cebdf7ca925,0
120,18f4605f-6429-4d7e-867a-df8e59de8aa9,0
121,c7c0fea0-98e5-4e96-b496-f3fcff530d23,0
122,39a3115e-6c2f-4dff-9f43-42aef6384780,0
123,f43b88c2-3bfb-4a9d-8675-40dfd9f60434,0
124,9c6f4bf5-68a9-4d07-9dfd-2d7992b5e1a2,0
125,6410215c-50ad-4dfc-b57c-3c155e1422fa,0
126,76df55be-4331-413b-a748-2bc402845449,0
127,5aeb9187-5ec4-4615-ac80-fbc7a706a561,0
128,2a4a9302-42cb-400a-bee3-475fbb283823,0
129,93762154-e630-49a1-b25f-b78bb5e077e9,0
130,2d43a34d-886d-40c7-a08e-bb921ca76dac,0
131,efb10605-8dbb-48e4-95c3-69849856185e,0
132,6bd2afc5-aff3-4a75-92f0-261a7a97fbff,0
133,beb415c9-67b4-4c96-acb6-4c9fbb712cf4,1
134,27d5773d-4679-4def-93a1-d76f0c5c06e6,1
135,79721e3a-f413-41fe-9a51-99484925b844,0
136,2d2ec67d-6795-4583-a07c-36fcf69b556a,1
137,6abbf8cd-5697-4cba-acbb-0353e5a9cdea,0
138,7b19a5c6-0c17-4ebd-94bb-db1d8b80afa6,0
139,fb6dc584-65c1-4381-95b3-cc15284add78,0
140,73edfd8f-6da7-4512-9d07-48b8e9b6db2b,0
141,e0cf1514-3b15-494f-ae5d-d29e89890eed,0
142,684588c9-c682-4ec1-9324-26e861dbe99b,0
143,cc99588d-c631-4928-8810-96025b321f43,0
144,20074e3e-1e29-4a5c-9055-80c40d6f8a90,0
145,db503af2-6460-4d5a-833a-a187e670a8dd,0
146,92b0be52-d78e-4e0a-9e86-0f1794769068,0
147,605178e0-fd36-4630-8b01-a819126a34ed,1
148,f0c1ee5a-6f10-4514-bd05-9ed6e4e41b90,0
149,21f045bc-5a07-4071-b0f3-ea26587f2d20,0
150,fbb00278-1933-4852-b361-6d636ff09d4a,0
151,cf7dd132-9b9b-4a16-8c3e-852d5afee328,1
152,ba5c1076-7e6b-436d-ad2b-c12908aee604,0
153,4e231c31-ad68-4ba6-9db7-2a59399b2692,0
154,16e5b2ab-49d8-4261-ac5d-73e4a5201f3a,0
155,fb30e22e-c54d-417c-8858-c1dd6aeec78b,0
156,9d91b32a-8b5e-4b45-bdca-4bd175fb8a27,0
157,d377cb93-4080-4b27-b35d-1614b7fd73f5,0
158,c8d5ae4a-7660-48a8-8253-2f4c02f38f4d,0
159,98100dc4-7a2f-4250-be4e-1175fb9d6e80,0
160,da526011-a231-410d-be96-fb73d36cc4e0,0
161,7c7bbe42-0d57-45d8-b4e8-35ad638f0c5c,0
162,d6b8a0fc-cfdb-4148-93d8-83da8a5714df,0
163,eff22ac3-b425-4ce4-bd6b-2b9927a76768,1
164,cc30ed06-1385-4462-9cd6-ae102754792c,0
165,9d0bba79-b086-4448-aa91-d72148b759fd,1
166,ff59f65b-ba17-463c-8fca-6d7ca80731fe,0
167,27383434-10be-4c73-a30b-450d1947ad3a,0
168,6d5a845d-df0a-4b19-81c3-f8c0b10d0534,0
169,7e847ce0-0541-4e9a-9ae6-e955eb97b6ab,0
170,3b2bde2d-4274-4ced-988d-d5d213c7ffd1,0
171,61f2d946-bb0e-434c-bb58-ab3abb8ae18b,0
172,7e5ad792-d515-44be-b1a4-f2d9a3bbc834,0
173,4b181267-2466-4044-adc0-69edc1dcef26,0
174,02732078-ac3a-4ee2-8534-23707bd1d27f,0
175,46dee6c6-614a-4dab-8dc5-79225a846362,0
176,50c0e020-f621-4935-a281-c363c0ca9a87,0
177,ab8e220e-7513-42a9-8336-6d7b9afde537,1
178,b391486e-c416-4b1a-95fb-b545464e1a9e,0
179,1edd8240-7eee-463a-8d5d-424948afbd2c,0
180,4f2ed65c-e6cb-4d22-b5ed-c2ad15e3a71f,0
181,8f910c70-ddbb-4f12-bef7-95d75a4cf3b3,0
182,0233e1d6-e46c-428b-b3e1-f822ce9744b4,1
183,2cd46aa7-affb-41ff-bf2f-e22296fbd41b,0
184,ccbf0504-7b5f-4812-924b-4573bf67cc05,0
185,417bfd41-2210-4352-af41-a1582f14db40,1
186,1856def0-7362-4faf-b940-28c7ec2050b2,0
187,85aa6d37-2d4f-4825-a7ae-b6ce8178c931,0
188,dea6e593-00ed-4f02-b3f7-68b4c69034e0,0
189,b8b695d9-c7ac-4527-a0dc-68496aa40eae,0
190,ce4fba9d-dd76-4174-8308-63a892109931,0
191,2dadf3af-ad72-481a-a177-4920c4ef85c3,0
192,40c6edfe-bff6-449d-86fd-484483ac919b,0
193,251aa4b6-1b28-4154-b998-6ce543e63005,0
194,3cdf0f2c-5ab0-440b-bd88-d6828f830cdf,0
195,0a719a84-ad57-4ee2-a161-4179cc7fa86c,0
196,e57efbda-afa2-4893-a0c8-e9da1f990c22,0
197,aadebc0f-a6b0-4902-ad9f-5daa6f6efd1a,0
198,5505af76-4eb0-4f4a-9486-0334e7539470,0
199,57c5bf00-e5e1-489c-88ec-40ad4b4d150a,0
200,0d00c3ad-b8c1-4dce-bbf0-90d1854766d8,0
201,65ac6ced-5f78-4a6b-9d86-a008c660fbfb,0
202,bc6bff61-a6b3-4d3d-a6b4-6833f769c26e,0
203,f37a63a0-df98-487f-8149-44e607cd2631,0
204,e8ece53b-5b3a-4c4b-a2fe-d26aa8adb7c6,0
205,72101b93-8a35-439a-878e-a10694f7f156,0
206,6e56ea1f-a7d7-4340-9d5b-a87f5b81673d,0
207,8aa83265-ef5a-4308-98b2-a6d64763da7b,0
208,a21a1770-c5a3-4c00-805f-1e9b45da8be9,0
209,40009763-bb36-4295-bddb-3dee4605357e,0
210,5d9055e6-582a-4a6a-a5d7-ba727f152ab1,0
211,8c01211d-2cc7-483e-9699-54dc91e55340,1
212,037f3bab-3e66-406a-9275-de4a4d483a44,0
213,65cf0c9b-bc23-48d2-b50b-b8c6d65453bf,0
214,5942c318-0f4e-4812-8aaa-20df9c1526d5,0
215,6279b2aa-f2f5-4243-b3dd-ba6d4088a30f,1
216,88cb0d7c-884d-4890-8f69-506370d0e7a8,0
217,ca9f688a-d86a-4704-bd37-2654554efadf,0
218,2fed329b-2e9d-4be5-bec9-b8367039f855,0
219,c01f7fa2-7ca7-4a98-8b4f-1163cee3be44,0
220,d7ef9ccc-c6c6-402a-84b6-4df9b62ab173,0
221,4fe76775-3b2d-496b-a675-6b34ee3c0638,1
222,aea0f32f-87db-4316-9713-c049d65d1d11,0
223,b52fa8c1-182f-4f31-bbc7-10e52365118a,0
224,9512d49f-c2b2-41e4-8462-75def310a4d1,0
225,468e68c9-c5f7-4f9f-9e6b-db344a76ebca,0
226,d893402c-bc42-49ea-bf48-b14eaf3c8eaf,0
227,ba879967-5755-42b2-9e85-a1a4536a3715,1
228,0eb663ec-ffb0-472d-ac92-2b4cfa4b247e,1
229,d6f1c39b-857a-42d9-8dd9-4b85f074a7db,0
230,337a1716-7cc2-4bcc-96ff-d0b32b7c2897,1
231,74d3a352-9eb3-48eb-a08d-0bed80ef43a1,0
232,03dbbc42-61e0-4d91-9136-fa704cf3e6ee,1
233,5a79ab04-ae4f-49db-a406-1e7dee387782,0
234,54a4f8c3-340d-4192-8a30-9ba6db3897bc,0
235,b035d110-698e-4ad3-8aa0-8224b88d9490,0
236,162d4860-06c9-49e3-a5aa-88d1bf4f2802,0
237,80555f1c-d121-4017-b1f5-a7e3ee278d06,0
238,2ac8961a-ac45-40b4-8b5d-e2279bf2fd17,0
239,73d5916f-404c-469a-b1cc-37785eb9fef6,0
240,2fc7ad3a-e150-4728-b1de-4792a6243748,0
241,f8e971a3-1bf2-457a-9f4f-a6fe5ea6ae27,0
242,e9e45224-0ca7-49cf-aa6f-c9eb99e99904,0
243,4346db7f-9f1e-4c52-a6fd-d68e66ae7a31,0
244,1d5775ce-26c8-4dd8-bf2a-74d92a32188a,0
245,179bba1f-8b99-4451-ba3b-a8c64ae137fd,0
246,e342c2b5-ebf5-4bb9-9358-92e7411aa594,0
247,447bc748-41fc-41a4-a87a-d31d1690f00b,0
248,b80c87a3-ef2a-457e-82ee-983d63a07586,1
249,f53211f4-9731-41d9-aaad-5d5c90153d9a,0
250,1568cbb7-1ab1-476b-88c0-6bcbec977e62,0
251,db604f21-ad6d-4231-b363-dd5320f255a2,0
252,d808ae0a-49ce-4f13-9cf4-033fec88c022,0
253,a767be9c-a2fd-4afa-bb22-33febec6de44,0
254,392b763f-5823-4457-900e-558c54d4d098,1
255,640262da-f89a-43c0-9f86-fca73233ea0b,0
256,a435e324-f456-439b-b387-76c58c315dde,1
257,7c52a386-32bb-44c8-adb5-28bc9311d81c,0
258,2e1c2873-1b7f-4bf3-803a-78ea172b058c,0
259,a523aa09-42ad-448b-a903-6895ed80321f,1
260,87510813-4251-420d-993d-23ec64141dfd,0
261,79409386-792d-4f90-a793-f8d8fe696c77,0
262,281a6301-2e08-4dae-98be-6bf08d33fc6a,0
263,c1a58c0f-ab8f-4f91-84bd-5c3a624cbe0a,0
264,73c7e156-17ac-4578-90d8-23cef492f266,0
265,4c688925-3264-40bd-93da-82e8d970db93,0
266,8a97201f-aed6-4a6d-a4a3-de8de58f4579,0
267,f45df14d-68ad-4b8b-8065-17a15a08635a,0
268,77827175-fe56-4bf1-b8f0-a1ade9604146,0
269,75c59071-2399-4e55-86e1-3f99ef25de8e,0
270,12a7c8b2-b5df-41a8-b3fa-ff3cee8a2beb,0
271,863617ff-72fb-41d5-84c0-45b56a61ea47,0
272,28320b0e-83ef-4ca2-9379-d2b235149956,0
273,959d326e-149e-4f8d-9fde-b4f3e8c37ca6,1
274,5c146595-cad7-4ef4-beea-c8959ec0b411,0
275,1d263476-cc9d-4080-ac4c-b8934c9a635b,0
276,44f2a821-a137-44bd-9696-4f7f1f1d54e7,0
277,857f9858-3909-4a5a-962f-4493e28b3a99,0
278,718d7e48-d150-4e31-939d-b1761b91e079,0
279,63ef0f03-af5c-4e48-8634-ce5b030dd8f2,0
280,9fe8f406-224c-4ce3-a90e-a109a13da474,0
281,b826fe4d-3408-4af7-8f0f-24e74b754f2e,0
282,aeac4a93-4f00-48d8-9472-f39511d54049,0
283,634ff9ab-1f47-4874-84ce-2aa7990a18e4,0
284,66bc2b0d-3a3a-454e-9407-3b685246ffe8,0
285,f893f4d7-6ceb-4bc9-953d-8a527ff2032c,0
286,b7a475bb-b3b0-47f1-aba3-25f6050ba62a,0
287,e0c2d666-e730-49a1-b461-cd81abad942d,0
288,7d0f9903-a511-4fe1-83f2-4c9445c454b7,0
289,dd605197-17fd-47e5-8f5b-e97a9834e556,0
290,0e9ea074-479e-4c0c-8738-e17ce5d108d7,0
291,d57f7204-9aa2-4826-ab0f-97fd2ecb5ad0,0
292,400f5bce-986f-429f-b932-91f68d0f07e2,0
293,f89a9e20-8651-4f1b-8d60-6136dba6a26a,0
